_id,username,email,password,role,designation
fd3d6d09117e434991e05546,Ronald Tanner,amanda58@example.org,_9pqJ5Gm+i,trainer,Architect
e912a3d8b74a48e08f2d8e10,Troy Jackson,charlesjohnson@example.net,5v9ejHT^P(,user,Senior Software Engineer
4918157be27a49acaceb2c96,Joseph Gregory,kknapp@example.com,+1LbdEwo6G,user,Software Engineer
5d0c8d7b33e84f019232c902,Andrew Robinson,thomaslawson@example.org,R&Z4YAcVu+,user,Senior Software Engineer
1dda69f1644f46609d086fec,Maureen Mcintyre,sharonpatterson@example.com,&D)9CvSFtV,user,Solutions Enabler
393bc19a276b4c168f5213f4,Julie Medina,andersonadam@example.net,!FB_QwtA4_,user,Software Engineer
f2aff213ac6c446eb654b397,Kimberly Vasquez,katherineford@example.org,#LYjVWgov8,trainer,Principal Technology Architect
d899cb448eb641aeaac375b8,Jade Wood,mariamartinez@example.com,*Aw)4aHpAj,user,Senior Software Engineer
789a7b55880f493b921e5d3f,Michael Jacobson,scottflores@example.net,!6H)6ETv+7,user,Software Engineer
6df8f183864345f8a7ac5f68,Robert Reed,xbrady@example.net,n4RHrwgw+D,user,Senior Software Engineer
548dcdf76b994e6a88d2f536,Kimberly Harris,rhernandez@example.com,#1KVM%Xc@V,user,Solutions Enabler
f09908a626ba4807ba0f7173,John Jones,pcannon@example.org,X733_yFy@M,user,Software Engineer
2aa18d2c97f3482a825e23d8,William Horton,ewilliams@example.org,80Jyz5Uk)l,user,Solutions Enabler
078e8467fe144c23a48867ba,Robert Hogan,banksbrianna@example.net,Ky3AWjys@),user,Solutions Enabler
a18ff5e0d50d4741be4523de,John Gray,kathleenross@example.org,f4I)Px$j+U,user,Software Engineer
845e7c6bce154fabbabf42ef,John Williams,thill@example.net,^fAn%RYZ+2,user,Software Engineer
3f771aabbb244cb7b4bbc12f,Grant Lee,greenlynn@example.net,$jHRQPK*1y,user,Software Engineer
2cf723da5ff74794bb32a4d2,Keith Herrera,chelseakelly@example.org,#6k1O8lYO9,user,Senior Software Engineer
cd449ba2ee774ca487eb0d60,Thomas Jones,holly21@example.com,W4PlpHfm#m,user,Software Engineer
58752da1d8ca4073af272771,Adam Carter,wrightbryan@example.org,#3RRFogNo*,trainer,Solutions Consultant
457802bb934044ffbbc7902a,Shane Potter,umoore@example.net,6HEY4_uV^I,trainer,Solutions Consultant
c043ade6ff8543af846225ca,Joshua Rogers,devin35@example.com,nfg35GJA+*,user,Senior Software Engineer
f7e0218a456149c4a3f69921,Suzanne Evans,michelle19@example.com,7&EI)Yx+*%,user,Senior Software Engineer
94a0b78a18374ba6bcbdd1a5,Anna Howell,roseaustin@example.org,d6POiHRu#g,trainer,Principal Technology Architect
223ea89d6156488fa01dd8d0,Janice Garza,shannonkerry@example.org,1XAqvIuJ)b,user,Senior Software Engineer
77096ed3a1b945c494df3ead,Laura Davis,greenalexander@example.org,c8yl1@dp*I,user,Software Engineer
c797812951de4637aa9e4370,Sandra Collins,sydneyquinn@example.net,&)5+e0AePN,user,Software Engineer
b04871cbe9b041e6956d2d3f,Stephanie Fowler,hollandkristin@example.com,)AGbvyd@$4,user,Software Engineer
63a68d9e6d6343e8b9ebca44,Anna Thompson,anthony32@example.net,Y7O_t!xz*5,user,Software Engineer
cc1be0ab8c49476f9613cbab,Jeffrey Lee,sanchezjacqueline@example.com,*7CBVoilbj,user,Senior Software Engineer
4969c0712fc546afabda093b,Tiffany Bates,ianderson@example.net,3K%yWGer@1,trainer,Solutions Consultant
af35b53c6bf84431a3da816b,Michael Garcia,cruztina@example.com,)9)4WkBs+d,user,Senior Software Engineer
890aabe721ae4074a21fb080,Wesley Williams,vward@example.net,(L2IwHgt2(,user,Senior Software Engineer
f488b95ad2c5474590daa503,Sean Brooks,martin53@example.net,)$5fvFbeFR,user,Solutions Enabler
21d4c1ca2efa4df6aba2bb5b,David Moore,matthew58@example.org,+1Ou*DjPN1,user,Software Engineer
fbeb798d24eb41e7a4d85c0d,Michael Williamson,haysmichael@example.com,FC4IQQwHi),user,Senior Software Engineer
a09305ad15824cd79e521f7e,Matthew Owens,richard58@example.net,!76U+ZqAZ),user,Senior Software Engineer
c5c2f8198ddc43dfaf5939af,David Haynes,garciaandrew@example.org,g8yDkaAd%B,user,Software Engineer
4fe865efc2be4bf780686ece,Alexandra Larsen,alicia04@example.org,KE60cYcv+c,user,Senior Software Engineer
4df6de73ad2442ca945e4f35,Michael Kramer,justin94@example.org,2!iqSdyc*!,user,Software Engineer
b4d12701d6604bfbb6c980d7,Misty Hahn,watsonamy@example.com,38$vDO)d$t,user,Senior Software Engineer
ac0dc510d7504ee0a9b8344c,Vanessa Charles,phillip37@example.net,i*e0XQW1Cn,user,Solutions Enabler
b2f3f3eeea094df3b36ac890,Kevin Wells,uedwards@example.net,_5zTgAwkGq,user,Solutions Enabler
fbb5082f5375422a8587e71f,Geoffrey Mullen,nicholskeith@example.com,*S*0wCai&0,user,Senior Software Engineer
0e0a688cf3eb4b87b4b351a2,Tiffany Smith DDS,uking@example.net,gk#8$DBgLI,user,Solutions Enabler
369791fe2cdf4e3791a4bf83,Casey Harding,karenhendricks@example.net,&sWg2AfaPY,user,Solutions Enabler
7c862e45bbbb4c4bb5d28177,Eric Castro,bailey51@example.net,Y34Dxt@fY),user,Senior Software Engineer
88c814712675424e8a45eb07,Calvin Newman,navarroadam@example.net,!9tU*O0jbQ,user,Software Engineer
1534ab2e347843dd87ac15a0,Yvonne Santos,whiteshannon@example.net,_5s%Mw9!xt,user,Software Engineer
fec01c2c8b444bee822ce8d2,Thomas Matthews,kelly70@example.net,o%e8yTRc5y,trainer,Principal Technology Architect
36185e81402844d2b0cc1df4,Sara Scott,mariawilliams@example.org,+8QzZ5wL7f,user,Senior Software Engineer
5109fe83d5684020960059fc,Kristina Richmond,carla64@example.org,4eEW%kEC!8,user,Senior Software Engineer
f62c8ea2710242b2a51f5e03,Elizabeth Moore,wilkinsongary@example.net,hz&#7wRd66,user,Software Engineer
fe7e3243908c40ea9b787efb,Megan Taylor,lauren01@example.net,vyBIbwd6+3,user,Solutions Enabler
4dc0a6206d614de5b149b399,Sherri Meyers,joseph55@example.net,RjaS6QCTR$,user,Solutions Enabler
7e4c611d75614843acf6fda4,Chloe Holland DDS,michaeljohnson@example.org,zS%4ASNw9c,user,Software Engineer
8de8d8dfe5fa4b32bfcf620d,Amanda Matthews,theresa38@example.net,!(4KFOns0o,user,Software Engineer
e91bc2e941bf47089a068ec1,Mary Dodson,nguyennathan@example.net,E2*h0@fQ_s,user,Solutions Enabler
b9efd16e11c1428884040720,Lisa Hill,robertsmith@example.com,RTLNKgJu@9,user,Solutions Enabler
91319a631c324d68a1af5838,Lindsay Allen,jason72@example.net,)J1$2rVQw0,user,Software Engineer
551ff14d56504dd197332324,John Fox,kingpamela@example.com,HLAiVhFh!5,user,Software Engineer
0a3df66b030349c98fe2c08f,Charlotte Dennis,michaelmiller@example.org,*(V@UdMu7L,user,Software Engineer
a88a96209d1f4e5383ced2ce,Justin Reyes,yallen@example.net,(jw8*Zrz%_,user,Solutions Enabler
ad6181bbff92472989332f68,John Bell,kevinmcgee@example.org,9$V3U!umr^,trainer,Principal Technology Architect
2b55321cfc134850851dce98,Andrew Walker,montoyalauren@example.net,8h8OTK)qq#,user,Software Engineer
6538bc2acfbe407f9fcf15ae,Diana Larson,ipalmer@example.com,1lx!oSBQ&&,trainer,Principal Technology Architect
acf0a81d09294e48b3da0083,Jade Campbell,johnsonscott@example.net,_rLQA_Ee3h,user,Solutions Enabler
57592867806541099a9a7f7f,Beverly Schneider,browncynthia@example.com,y2JWzDJ4*Y,trainer,Solutions Consultant
770b3c91a183459e9544b56b,Jeremy Miller,andrea38@example.net,PmG5GeT&#+,user,Senior Software Engineer
0bcded62375946ef84f1f062,Thomas Howe,stevenrussell@example.org,hEm2cCmz(3,trainer,Principal Technology Architect
14fb477ef7174e1eb71046ce,Natalie Mckenzie,garciajaclyn@example.org,8296OhID%+,user,Senior Software Engineer
e876713acf8744fd81a9afd4,Hannah Reed,jmiller@example.org,*4R(CwhQRI,user,Software Engineer
c1a869bab3eb47a5b4c203a5,George Hill,amy72@example.org,+0FCm^FFg^,trainer,Solutions Consultant
229fe74723854e26810670d7,Luke Henry,paula77@example.org,p97_Hzi8&j,user,Software Engineer
54d00ab499894f2497085616,Jessica Allen,lucassara@example.net,D$bVItIah2,user,Solutions Enabler
dcee6d6ad3e8424180816ff5,Sarah Meyer,patriciamcclure@example.org,5eK8Udsv!q,user,Software Engineer
fac6343ccb4d4aad8cb42f2f,Jessica Morales,reneemendez@example.org,@46K!NDtl5,user,Senior Software Engineer
697d4e1ff25d4d6e8e9b7972,Jane Scott,robinsoncynthia@example.org,lN3GhCxf*q,user,Software Engineer
839544ba29594fbfb44b52bc,Kari Pittman,opierce@example.org,!1LPsqfZyJ,user,Senior Software Engineer
1a9559fdf7474dcf9834dfeb,Matthew Boyd,hansonrodney@example.org,3h3GGmhK)p,trainer,Principal Technology Architect
a80e815725794b0d90dae548,Nathan Henderson,harriseric@example.com,tTO$d5ZkW^,user,Solutions Enabler
43d84dedde994107915c11f0,Sarah Young,abigailcarter@example.org,e6QjtHDa^8,user,Senior Software Engineer
f601bf51253041e4b11c3a7d,Jacob Salazar,kingsamantha@example.net,z6IQ)yy*@),user,Senior Software Engineer
dc72ca3bc12340c89db7a85d,Gina Osborn,kenneth59@example.org,^*Cq(zwqT8,user,Solutions Enabler
2ec0ece8c38847afb7f05aee,Sarah Tucker,justingarcia@example.net,i!j+4Jtlqb,user,Senior Software Engineer
17bddb93fe464badbdb15c88,Debra Schroeder,amcbride@example.org,2nNXpG$w%*,user,Solutions Enabler
3786565086914cdfac26f5ad,Derek Glenn,eortega@example.com,@y!A3Lgk2$,user,Senior Software Engineer
00040a0cb75f4535809f71cb,James Ayers,kimberly01@example.net,+h&f1eFxAa,user,Solutions Enabler
fcaf2813f2e1431d9ab675c1,Chelsea Smith,rodneybrown@example.com,D93HEecxs+,user,Senior Software Engineer
071a87ab0003493496f2f965,Brandon Jackson,russellkimberly@example.net,5hkCkmfK!P,user,Solutions Enabler
6c772db3d59e47e395f515b8,Bradley Singh,lopezapril@example.net,@hss4Qo69u,trainer,Principal Technology Architect
3c4bc239fd5d4cdf8efd3b85,Loretta Lee,sjennings@example.com,&p*T!qOeY8,trainer,Architect
24cf91e2501948b6bfabaa9b,Stephanie Mcmillan,uglass@example.net,SkUzQDTy_6,user,Solutions Enabler
54a62009945243758eaffe1f,Victor Morris,stevenskellie@example.org,w#3E*BnYcg,user,Senior Software Engineer
7f8af4613f36420382cd74df,Kathryn Campos,youngtammy@example.org,%aj*CSzh4v,user,Software Engineer
d0de4ba094eb425885930482,Courtney Pruitt,rebeccahull@example.org,nj!QBafM@4,user,Software Engineer
a5b8f709ab9b43a785d7e8e4,Maria Myers,brownmegan@example.com,#wMjsPze7H,user,Senior Software Engineer
c83766dde1d442d18449b6aa,Samantha Buckley,brandy21@example.com,wG5H@@eva$,user,Software Engineer
7ff671f6011d4368bab08221,Mark Crawford,sandra34@example.org,H7f(8Dp_xO,user,Solutions Enabler
fc7eaf758bb0429bbb36d702,Samuel Cole,michael46@example.org,(t*j6Plh#W,user,Solutions Enabler
5a4be519603f4083b12a8378,Mark Brown,william87@example.org,VM+d0DAneg,user,Senior Software Engineer
5f3e8eb2d2114a4ca3cadbb3,Kenneth Wade,xesparza@example.org,1WXPjfXV%Y,user,Solutions Enabler
43cda1edb49a4cb49b8008ec,Andrea Gutierrez,anna17@example.net,l5X)na$T^3,user,Software Engineer
845c75594e684e4ea30a36b0,Daniel Christensen,bmullins@example.com,1^5YWoRnuB,user,Solutions Enabler
bc24d72f974146a394d8a720,Karen Walker,arnoldmatthew@example.org,Fp5Dx&JMi!,user,Software Engineer
7fb0baadee8a4121809a3f46,Jonathan Gordon,qreed@example.net,_3&A$7Jy9&,user,Senior Software Engineer
ddfb073787e946749cdeae26,Amanda West,ashleybowen@example.com,2gbCGD%g#4,user,Senior Software Engineer
0f9b2950e9d24c13a974597d,Alicia Erickson,cmelendez@example.com,@2(H9Ocq+!,user,Senior Software Engineer
b8492f636d1b4461a74da097,Jared Ortiz,christinejoseph@example.net,VA+Lt0Do%L,trainer,Architect
0ed30bef28b044eeb9b5b643,Max Green,zcox@example.net,u92VboElZ#,user,Software Engineer
b82bef47c20e4093ba77659b,Nicole Castillo,lisawest@example.com,(0&_4KesKi,user,Software Engineer
5149fd7aac934752aff1915f,Jeremy Alvarado,wtate@example.net,h6T)rHxK*t,trainer,Solutions Consultant
aabeae2044b4451eb6f34f5c,Alan Oconnor,jenniferwebb@example.com,X2AJW@XG&q,user,Software Engineer
9dea5a94bc76458696c483f1,Crystal Williamson,davisluis@example.net,#4BG8cxS@h,user,Software Engineer
d38c902f28d247878cd8ac35,Shawn Lowe,torresjimmy@example.com,@$tO9Wk&Y5,trainer,Solutions Consultant
a364261491ef4109bf622604,Shelley Walker,rayala@example.org,!U9BWa89yJ,user,Solutions Enabler
d63d4967b32949a3922d2e5a,Matthew Ballard,andersonkathryn@example.net,_$f4bNatW5,user,Solutions Enabler
b82d3da99dc04aa89f5d05a2,James Smith,robert00@example.com,&5Gnd!$R*N,trainer,Architect
adcad4ac12ec4d76bfb03f23,Kara Snyder,andrewkirk@example.org,$4mX$*ye(Q,user,Solutions Enabler
92e82cada0ed4b1081a76290,Lindsay Smith,bgreene@example.org,m!m2JeYiJ0,trainer,Architect
db170269db22490696d989b7,Brandi Jones,charlesevans@example.org,##t4OxWxDo,user,Solutions Enabler
f4c16a0c88a74642abaee9dd,Pedro Adams,davidcole@example.com,g#8wPTfgQw,user,Senior Software Engineer
f35e12df3b144cba93592bb7,Chad Simpson,jessewilliams@example.org,^gUqhwoc8F,user,Solutions Enabler
2184d3ed24544462b1a65921,Cody Wilson,jmorse@example.com,&+E3TKnLH3,user,Senior Software Engineer
b86a9baa2eb0475b830a50f3,Timothy Johnson,claytonjoseph@example.org,#6Lkn*5TNZ,user,Software Engineer
9a28e12ae5d04027b805018e,Maurice Hicks,phillipsamy@example.net,@+%rg9Tl_Z,user,Software Engineer
e318e8b1e1f744f086cd3dee,Luke Gates,crodriguez@example.net,*r)4%%Qu_u,user,Senior Software Engineer
d0bff44529164e64852ed658,Jessica Wood,fitzpatricknathan@example.org,#9KPslJi(N,user,Software Engineer
c79bce2732ae496ba9f81fb3,Marie Rodriguez PhD,douglas70@example.net,)e1yOx)X3Z,user,Software Engineer
23989601cdb646409a73f4fd,Jordan Lawson,morganbridget@example.com,b&74Ex$c^c,user,Software Engineer
a988b86c5e144d338e8d8c9e,Katrina Perez,trevinorobert@example.org,+e8RiEspig,user,Software Engineer
c65065209bea440898a16aa0,Scott Williams,mvilla@example.com,X_7Vilg&F^,user,Solutions Enabler
861fab997f714b57bab9fbfa,Hannah Cunningham MD,maria94@example.org,$4MKXr)AC),user,Solutions Enabler
2d76f92a9a444745b8802f18,Penny Gomez,okim@example.com,)OMj^UcP02,user,Senior Software Engineer
1b44218cd91a46eba4e5f087,Darrell Parker,amandafrederick@example.com,$c7KWpM5w#,user,Senior Software Engineer
1c032a37835944c28eb69e45,Andrew Smith,fstein@example.net,*7SY#ziaqY,user,Software Engineer
ebee290527304335a7245b7e,Elizabeth Freeman,caseyburns@example.org,tq@Jiiqn$6,user,Senior Software Engineer
9437fdc2a7634a5294a89a70,Kristen Peterson,zherring@example.net,tlhPIiOf#2,user,Solutions Enabler
5075d95513564feeaf17ba05,Corey Reynolds,moonlindsey@example.net,Z3z2BpqcC*,user,Solutions Enabler
df5a177101094914bdfdbec5,Brian Townsend,tamarahatfield@example.com,fXpYWNW6#2,user,Senior Software Engineer
cc5a572bf6d04f1e80bf428c,Anthony Woods,ashley04@example.com,(@2I%N1t4M,user,Software Engineer
1e1bc5e3af2242df963e1f73,Lauren Mercer,wangrachael@example.com,!(L3ZS&oPi,user,Software Engineer
da648ecc8f9a469b80f2ef1f,Sarah Williams PhD,natalie58@example.com,q3RMOePa+i,user,Solutions Enabler
11d648cc09354b85832113d0,Sonia Campbell,vancethomas@example.net,*TM5nnT@q8,trainer,Architect
24c74125121b4dc487f75785,Leslie Rosales,hmorales@example.org,E5V5cY0u&+,user,Solutions Enabler
46021c5377134aeb8f79ca1b,Karen Smith,robertsonann@example.org,TV647%td8_,user,Solutions Enabler
d82e66f4999b4a449ceedf69,Michael King,lisa06@example.org,(w1KePwa%P,user,Software Engineer
b945f95506cc48959c9f6aa3,Melinda Martin,jamessabrina@example.com,!m8UJixg)M,user,Senior Software Engineer
acbf343cf2b34086b20636c7,Chelsea Leon,mariah89@example.net,)%pPyjkM94,trainer,Architect
8066bae54a584e15934c1fc4,Bonnie Lewis,kaylajohnson@example.com,4)8PVL)x51,user,Solutions Enabler
551d706e80be4ce3a2629b13,Shawn Larson,carla79@example.net,%i!5PcmJuR,user,Senior Software Engineer
b00c5e13d7a04ca5997de875,Michelle Johnson,dennispham@example.com,8xIy5_Sp*v,user,Solutions Enabler
46a7ff5f941f480e9f32d885,Nancy Allen,james04@example.net,uWzH1TrJ%s,user,Solutions Enabler
94dd04da169a4ef6ac661ccb,Kimberly Kane,holly40@example.com,!7LUKenPDE,user,Senior Software Engineer
d78f90aa0ac34ed894bc95d9,Ryan Carter,emilyhall@example.net,#b2KXd9UBr,user,Solutions Enabler
071a4fbd1fcf44ddbf473279,Jessica Wilkinson,gboyd@example.org,*hFWmte_S9,trainer,Principal Technology Architect
bac68d8d89074977b5df19f2,Walter Marshall,thorton@example.net,&&swWOPg8F,trainer,Solutions Consultant
94bdb2386f7141d49d4290a5,Joshua Werner,patriciawilson@example.com,JERQptsV%0,user,Software Engineer
629e89d136ea4108af7149a2,Laura Morgan,jerrymartin@example.com,#A+x41IrHU,user,Solutions Enabler
2f661020b2c4407b81322891,Mike Nunez,travisstrickland@example.com,w)Y9^1Ga2J,user,Solutions Enabler
e570d5269c5748f88bd717e8,Terri Gutierrez,deckerjames@example.net,$112XHa2iG,trainer,Principal Technology Architect
66627726322a474eba625b19,Edgar Nguyen,iking@example.org,p1bujEx8#J,user,Software Engineer
cbf830335ac44c8192f51cfb,Frederick Palmer,tonyacampbell@example.org,G(6eMyU9f7,trainer,Architect
ba3fe2de81f840a1bb47963c,Kimberly Castro,rwright@example.com,qnIdh+f1(4,user,Software Engineer
e9a32d24300b42528ab451e8,Michael Blackburn,colin02@example.com,$t2fB7QrGC,user,Senior Software Engineer
a59dfba949894d539c91aaa8,Theresa Mcdonald,veronica95@example.net,!3DL5$KrsM,user,Solutions Enabler
7cef2c7987be4329ac4454be,Joshua Ramirez,amanda28@example.com,afgA5!ho(0,user,Software Engineer
bdcdfb385bd74773822477ee,Evan Chavez,pgregory@example.net,@5GfC+bgEu,user,Software Engineer
29aa15bd5bc343c78d510ef9,George Foster,ulopez@example.net,)6gTNIeMTD,user,Software Engineer
1a5fca60d58146ce8948bd73,Ryan Jones,ccohen@example.net,#1$aIfoR#O,user,Solutions Enabler
1792d428355d4fd5ab36800b,Jesus Carter,nlyons@example.org,jtx%w4Lew&,trainer,Principal Technology Architect
ec8540a5f9c844a38055f040,Randy Chen,kevin78@example.com,Pu6FEtgu)7,user,Solutions Enabler
6fdb91cd974540abba24648b,Rhonda Parks,arobinson@example.org,q(7mG51yS&,trainer,Architect
fb3bdb35cf83417eb1a85301,Whitney Hicks,peterheath@example.net,&DHGTtg0G3,user,Senior Software Engineer
23240f70628447a093907dc0,Dr. Patricia Manning MD,middletonkimberly@example.com,XgVX2SO(F!,user,Senior Software Engineer
d2f057ceb502483e8e51d76e,Lori Taylor,christopherbutler@example.net,y*T5LUcu##,user,Software Engineer
6da3e79a0bf04b358770b066,Wesley Russell,owensmiguel@example.net,YT5SY+p2+Z,user,Software Engineer
1dbe79eccd1a4d1c8a265277,Valerie Schultz,kaitlin26@example.net,gKNF4jqm@9,trainer,Solutions Consultant
63740619883447d9898ffd42,Nicole Norton,penaamy@example.com,Y6GlWC13^r,user,Solutions Enabler
e88ee8ac3d304e419a04a839,Alyssa Gibson,shelley86@example.net,_9vC^RtbIv,trainer,Solutions Consultant
dc4f0df9d58547b382d4642d,Rhonda Lee,jameslewis@example.org,+T1y%SLkul,user,Senior Software Engineer
7f4a6a24e3d84d2d81a2e055,Kathleen Fuentes,joyceblanchard@example.org,%vpn3zWd+t,user,Senior Software Engineer
65b14ac670a445dbbb60ae96,Sarah Wilson,privera@example.net,AT0KLel*(Z,trainer,Solutions Consultant
b96a4095f60c4e2abca90253,David Mosley,micheal52@example.net,G!#8c&Ip(V,user,Solutions Enabler
c07f5fa983e44354aa13d15e,Anthony Thornton,mreilly@example.com,(f7P%w1z^F,user,Software Engineer
e986e466d6d84b98a95bb044,Emily Edwards,vroman@example.net,(9pEgC*59Y,user,Software Engineer
5b549574fdd3410bb22ee3e5,Vanessa Garcia,bwilkinson@example.com,V&Rd080kbQ,user,Senior Software Engineer
106e6aa031e3479fb1a6ea92,David Simmons,omarconrad@example.org,GY#06*5nb&,user,Senior Software Engineer
0cbe656fad82486f8f9e99c8,Kristine Butler,hollypierce@example.net,u1ZOxH!o!U,trainer,Solutions Consultant
ad1e6fe43975429a922499b0,John Mitchell,gcarter@example.org,mBkCzd4y+9,trainer,Architect
8d1c9331256943e6a31e2431,Maria Knight,gonzalesdakota@example.org,v58zO@rkb$,user,Software Engineer
c0ac4199e32c4d6e9c7f476f,Rachel Jordan,angelaflores@example.org,A(1HM2Phy6,user,Solutions Enabler
eea27001abdd409e8825dcb3,Donald Johnston,lauralewis@example.com,y!Z1Q(OhK5,user,Software Engineer
aa95eb998e5f43f8a749c1e0,Seth Coffey PhD,hayley93@example.org,OqXB9aEWd&,user,Software Engineer
84389215bb234bfb9c78c495,Peter Rowland,jeffreyjames@example.net,dl4EUtQC@!,trainer,Principal Technology Architect
01ec38d6714c46cba6208838,Jennifer Odonnell,nathanielwhite@example.net,0BF)76Fzgl,user,Software Engineer
cbf1d133f9ec460e935c707b,Jennifer Williams,sowen@example.com,TZ1#OCRaM#,user,Senior Software Engineer
3f5ffb07b1cd4554b0894e84,Peter Moyer,joshuaburke@example.net,!85oXvmeSj,user,Solutions Enabler
5da1e3a3b95045f980ae755a,Theresa Bush,salinasmisty@example.net,m$10VvylnH,user,Senior Software Engineer
03997a6aa99942f293f4d298,Jason Myers,oneilljacqueline@example.org,nEcPj6dN&8,user,Software Engineer
03b47c8321074e5296037df2,Ruth Moody,rosejennifer@example.net,_t+1PSHyLx,user,Solutions Enabler
18dcaf35a90a4daf9a1c2f39,Heather Wolf MD,lisawheeler@example.org,a)OY09HdOM,user,Software Engineer
7be3521c68894a2f8e13f5cc,Johnny Peters,reedsabrina@example.com,1*b8QQq!Bn,user,Solutions Enabler
fbcf7f746c734a8baf82031c,Aaron Walls,thomaslisa@example.net,RuL7KW^pC%,user,Senior Software Engineer
a107ab197da642c4b330f923,Dylan Lawson,qcarpenter@example.net,+E41Cu3idH,trainer,Solutions Consultant
8818028fffd24e7eb22cd0ec,Jared Lee,ljohnson@example.com,BJ5aAt7EY!,user,Software Engineer
c8dded93022149d59092c1b6,Laura Brown,ashley96@example.org,*4PdeIMQ(&,user,Solutions Enabler
fc31a9f3851148c382a713ed,Jeffrey Barker,wmcclure@example.com,dcE$1Cod_N,user,Software Engineer
de55fe536ae54f75a402d718,Robert Campbell,adriennewright@example.org,#v6^CfuS0q,trainer,Architect
7a80184739954c4ba3e09caf,Alyssa Stephenson,cassandra71@example.net,ej21GVt+n%,user,Software Engineer
63625e2445dc4197b9f870f5,Bradley Jimenez,msmith@example.org,2(94C5br)t,user,Solutions Enabler
a65eee49e4fd4d079241c46a,Samantha Horton,randybrown@example.org,aO8lGNsUc!,user,Senior Software Engineer
c8e3bde5042b42459ab5734a,Jamie Gardner,castilloamanda@example.org,$SP*0eIss1,user,Software Engineer
24da4a9ff4134cb3a6c3cdf1,Matthew Boyd,yking@example.org,V#U2D1Ml^3,user,Solutions Enabler
300ea2426c784e5b95e77830,Cassidy Burke,jenna22@example.com,U_*A6soucB,user,Solutions Enabler
e21c39e26bd2432a97aa4b62,Chelsea Williamson,xgeorge@example.org,&C*04QVrGo,trainer,Solutions Consultant
acb701f1f4bc435d93c8a96a,Jennifer Thomas,thomas05@example.org,K0GtlBV3!v,user,Solutions Enabler
af56ca1a06814869b2d0c07f,Brittany Ramirez,gonzalezlisa@example.com,$XK2gQnhOG,trainer,Architect
f0407b7cc5854c04929783a4,Chad Juarez,cday@example.org,&v8Rc3fuNt,user,Software Engineer
3a28e0b077a24c8c8369f41c,Stephanie Davis,jerryjohnson@example.org,KK2Bdap7_2,user,Software Engineer
de47803297a344caadfb4053,Matthew Campbell,smoore@example.net,Jw*RcRD9^5,user,Solutions Enabler
10d2dce8427140099c48d535,Jason Rodriguez,floresabigail@example.org,lN9&Fg8#p$,trainer,Architect
6de06756b0b04f5f8906e0ad,Emma Banks,wendy41@example.net,5xEvBWW$$4,user,Software Engineer
9aa8e5eaa3b34194b7f366c2,Kim Baxter,jeffreyhouse@example.org,^sE2$LjV35,user,Senior Software Engineer
b5777d71fe3d42eca266322b,Wesley Smith,cantrellsherry@example.com,6i2T)c%z+#,user,Senior Software Engineer
dac51d51959f4aa19ba628e3,Amy Reid,makaylacole@example.net,%P9ZGDdGH^,user,Solutions Enabler
bb0891636f5145eebd21ebc4,Amanda Jackson,joshua68@example.net,6lH5lws!+0,user,Software Engineer
4c91102cce5641168ae5a69a,Charles Dean,melissabyrd@example.com,+7W4HX!ufd,user,Solutions Enabler
9898fa5e5f2a43acbf33a3a1,Brian Lane,joseph28@example.org,)7Q4#+ZgED,user,Solutions Enabler
b2c1b2007ce34382b186c044,Leslie Sanchez,julie81@example.net,2w5KRYbi)u,user,Senior Software Engineer
aee538a1762f485eaf67cad5,Jessica Perez,johnsonkrystal@example.com,3!9KIkcgqH,user,Software Engineer
1959e927ac6c4e7d9f75c686,Laura Rivera,amy06@example.org,dq4Ucgxa_G,user,Software Engineer
ac7774948ba7445183da4c59,Jason Green,lbarnes@example.org,(^1XW+xD^l,user,Senior Software Engineer
e4820bee68514784b545caea,Cory Moore,bwebb@example.org,@GP0AZnu_0,user,Software Engineer
22872ebee31841ffaf99f13f,Joseph Olsen,michellenguyen@example.org,m4!9I!)c$h,user,Senior Software Engineer
f016676fbb9744d88729aa0e,Jesus Livingston,gonzalezstephanie@example.org,7@xf!8SxUG,user,Solutions Enabler
f2beccfaf0d84187bc53365c,Jose Keller,jacksonjesse@example.com,zfCI*)PI@8,user,Solutions Enabler
f8a95d60f8bf4d61a28418f1,Ryan Stevens,smithzachary@example.com,8m6SElSw@e,user,Solutions Enabler
5babd81629374613bb42f5f8,Debra Martinez,jonathanjenkins@example.org,1DZW33k8#6,trainer,Architect
4ec32133b894488fb66a7679,Jennifer Salinas,smithpaul@example.net,x)!Rg2X35v,user,Software Engineer
86d657a6b2f04116be35465f,Brandy Bullock,fisherheather@example.org,(!02W8es$_,trainer,Architect
faea7596a4fd489ba22f92b1,Amanda Shaw,jason73@example.net,EmQ)0wB^)6,user,Senior Software Engineer
ecd180ae2c9448deb4a6fce1,Susan Valenzuela,allen12@example.org,Z0OIr6Fu^d,user,Senior Software Engineer
8895305ee71947a5bdf8f0ad,Cassie Barber,jessicamoore@example.com,%3R*wTmfOd,user,Software Engineer
2a40818b8a814f1fafb6a122,Vincent Huang,tcurry@example.com,0aCnC&HP(w,user,Solutions Enabler
9301e6053a794871a1af17ed,Elizabeth Green,john98@example.net,al_J9iOg4(,trainer,Solutions Consultant
0557e0f826c940d388e3a6e0,Mr. Chad Carr,morahaley@example.net,9bDvdIre!9,user,Senior Software Engineer
06f63aec524e42218e389df7,Matthew Cain,tanyareed@example.org,_heLW)heA8,user,Senior Software Engineer
64d6d958c0dc4e02b16c529c,Gregory Richards,alexanderadams@example.com,)6Zvkj)g!S,user,Solutions Enabler
118586dd98da47059de15054,Alice Young,francisconnie@example.org,11nyXSgm+s,user,Software Engineer
2e39cc5a0397422f90077cb4,Sarah Neal,dmitchell@example.org,$df8ONb9Q_,user,Solutions Enabler
69f18b4dc8d8433b90fe938b,Todd French,hernandezdennis@example.org,^iF1Mzotz1,trainer,Principal Technology Architect
f55335d96a134b77924c08ee,Bradley Cabrera,hsanchez@example.com,JnXKSyu_&3,user,Senior Software Engineer
c54d1bd4aee141739e168a0a,Dr. Paul Holloway,jesushernandez@example.com,Q_9wCzBfTL,user,Software Engineer
b487be004392464aab3323fe,Leslie Carlson,michael45@example.net,X_H$9VhE7A,user,Solutions Enabler
f6fd7405081448edb902b2ad,Mary Cline,millermatthew@example.org,0m4LJmthS@,user,Software Engineer
51762139d6ab4514bba32d51,Jerry Cooper,millerbrandon@example.com,9fI_EKhX&B,trainer,Solutions Consultant
e3285daa1ee345a9b88e2fcc,Dr. David Frey,tina31@example.com,ah(2LNnWvE,user,Solutions Enabler
cc343230eb9641c2a6b7355a,Sonya Lane,sherry74@example.org,#)8joYDa9q,user,Solutions Enabler
3925f90d62304a9c88d0da5d,Cristina Williams,griffithmichael@example.com,tz^3oLEw)B,user,Solutions Enabler
fa1c597137c64774a6e46e10,Emma Kelly,davidfrench@example.org,V)G6Fhvy_9,user,Solutions Enabler
8875ee846e6e4efeb705e3da,Kathleen Griffin,kurt44@example.net,!8ENQt*Ho6,user,Senior Software Engineer
4fb4d2ada8e847f791f7fcf9,Deborah Williams,kentwalter@example.org,vv4JaZ^j&4,user,Solutions Enabler
27b52c215a4f46b4a81c0c10,Stephen Powell,mmelton@example.com,(02iMl$V3+,user,Senior Software Engineer
70ad043b38354d42b7da6c60,Laura Morgan,ehill@example.com,ST6R*llM$$,user,Senior Software Engineer
1917633e954e4b578c69a9a7,Alexander Henderson,bondmary@example.org,#1AufQjauO,user,Senior Software Engineer
81ff7228ca0c46b0ae30faa5,Sergio Ramirez,ichandler@example.com,+4&VzoH3ob,user,Software Engineer
201d116e2c3d40479355be76,Mark Brown,susan32@example.com,XO_14MgN8e,user,Solutions Enabler
808f85f26f474d459b2eb8ce,Amy Anderson,hbrown@example.org,&mgcJPdr1J,user,Solutions Enabler
5973625d28844da5b5317f05,Manuel Lam,amanda11@example.com,#1HROFwjlO,user,Senior Software Engineer
9118a43678144a678daf48eb,Connor Ellison,william49@example.com,7FAP(5Tm5H,user,Solutions Enabler
8194396a643f4df4816a0ac1,Shane Li,xkent@example.com,(mc5Yxrr_G,user,Senior Software Engineer
5a701ba887c847699459183e,Melvin Hayden,trevinoaaron@example.net,#4PqJDXv#p,user,Software Engineer
5b25731e992d46ac87178b64,Gregory Gordon,imitchell@example.net,7s0LD_Wy@x,user,Senior Software Engineer
09fc4a6f7bfb4f2e9aaba3c1,Stephanie Hamilton,adamjackson@example.net,#urrUWW_T9,trainer,Principal Technology Architect
8303a8a0abef438ba4011518,Timothy Hernandez,kevinhanson@example.org,!8VrSMJI!B,user,Solutions Enabler
4531938de85f4bf8ab153ba0,Kathleen Rivera,rlopez@example.com,B(d9Fo!XgP,user,Software Engineer
164613f51bfd43d2837e493a,Keith Murray,troymeyer@example.net,)p^p0Kf$&_,user,Senior Software Engineer
3cdc02b29b6c41b8a924ce5b,Gregory Salas DVM,gomezjessica@example.com,sN4DUpshY(,user,Solutions Enabler
de718867aa404d85b8ca630e,Catherine Reyes,deborahgonzales@example.com,&%9Fgha6T!,user,Senior Software Engineer
0b26619090d64c5f9adae56e,Elizabeth Blake MD,matthewspatrick@example.net,P9xlT)(x+F,trainer,Solutions Consultant
7070e9628ab44bc8a41607b8,Samuel Thomas,dwalker@example.com,*@9_kEmQ*6,user,Senior Software Engineer
ad92288ee5604e7f89a8d2cf,Gary Li,pnorris@example.com,$1EBtUEBqs,user,Senior Software Engineer
737053e57920443c9983bbdc,Christina Reeves,alejandragallagher@example.org,6x7&&VTh&s,user,Solutions Enabler
9db61a84393e40feb34bc032,Paul Mitchell,justindavis@example.net,p3FTLNan(8,user,Senior Software Engineer
876fc5fcb54a4397b0701165,Troy Cross,fieldssabrina@example.com,_%5IenqOvv,user,Software Engineer
33fc07cf807b47c08541f852,Robert Miller,brentoliver@example.com,_e2f$Bnj*o,user,Senior Software Engineer
339625be365048b489779e4a,Amanda Thompson,jfry@example.org,)4EXdvAuKt,trainer,Principal Technology Architect
a5766bdbddfb442baeb28ff9,Susan Adams,mccannrichard@example.com,!^ct7XhjG#,user,Solutions Enabler
16462bb4542d40858f730495,Mrs. Pamela Soto,wlee@example.org,^IlDchl$0N,trainer,Principal Technology Architect
21fdb90def3648acac2b0c06,James Rodriguez,wdavis@example.net,#54Je)Dk(#,user,Solutions Enabler
9c63fadd77414fbc8252a342,Sheena Maxwell,joseph05@example.net,_9bYk@LcmD,trainer,Architect
040fc16013bd44d6acf6068d,Edward Thomas,montgomerynicole@example.net,rQc4I5tY^s,user,Senior Software Engineer
b1b2436257534be2b7337c86,Jason Brennan,danielnelson@example.net,q26NGR5qA!,user,Software Engineer
4e757b06d8644f0ca1366578,Shannon Wong,michael75@example.org,!pFW5HvZi9,user,Solutions Enabler
515e66f526254523bb6a64ea,Ronald Brown,scottchan@example.com,24U%7f#p(Q,user,Solutions Enabler
3836e52c6c9a4f969066ad75,Amy Hoffman,lisataylor@example.com,!g7roH$to+,user,Solutions Enabler
a4e7e0595c1341b2b7459014,Bobby Steele,ambergarcia@example.com,Wb2Hrrk7@#,user,Senior Software Engineer
93b9cfad8a104c0f8756d110,Jason Hines,timothy15@example.org,moWG1TfpE$,user,Software Engineer
027064a0d1984448bc3b9dec,Miguel Gibson,curtisbuckley@example.net,#&2py!Qk&R,trainer,Architect
17c5d57294b445baadf2c4b7,Gary Munoz,hollystone@example.net,5v5t_WIz)k,user,Solutions Enabler
eede90ea7c0c4f51a572767f,Laura Daniels,wharrington@example.com,U_4Nz0s1(g,user,Senior Software Engineer
577af9a474de436dacfdd31c,Valerie Thompson,lisa89@example.com,I1F#xzd9^e,user,Senior Software Engineer
728e06d47eb148cc873e88ab,Luis Soto,melissajoyce@example.org,d(Go(DvM%5,user,Software Engineer
87bd543daf6f49aaa665601a,Robert Garcia,brianelliott@example.com,+XcZ_6Nb%x,user,Senior Software Engineer
795e2653c3f84272a71b2607,James Carpenter,cameron98@example.net,tG&58eShKw,user,Solutions Enabler
0531a1aa98404a7d9b342591,Jamie Dunn PhD,heatherevans@example.net,Ya3CPjDk*6,user,Senior Software Engineer
54a98715243246b88393e9dd,Angela Castro,justin01@example.org,k%)4NqNj1(,user,Senior Software Engineer
6aa00d2b98d94b319d323736,Shawn Daniels,clarkkimberly@example.net,A5LKoEAj!$,user,Senior Software Engineer
5ab94935ab194cd4beaf6f3b,Michelle Mcmillan,melissafischer@example.net,rwr#9_RbDQ,user,Senior Software Engineer
067fa39b07b94b749124187c,Joseph Russell,danafisher@example.net,eNWqlzn+*1,trainer,Principal Technology Architect
034972c648d64c7d81a41353,Brenda Nichols,iblackwell@example.org,$xNqJ97zL3,trainer,Principal Technology Architect
5315d5d352064e00a005405c,Patricia Johnson,jamespatterson@example.org,!OeAYiWh04,user,Senior Software Engineer
0f5b77579f214a4bb6644c84,Dylan Wright,james32@example.com,4$l9$1Su6!,trainer,Principal Technology Architect
4c0a01a5d66a4a638afee402,Benjamin Martinez,cassandrapratt@example.org,cJ%3umJw%2,user,Senior Software Engineer
467eecc048d3443a9ff4e74f,Joseph Hahn,susangordon@example.com,)KpR3Wy#_f,user,Software Engineer
d2bb1bc142664089a3500e8f,Oscar Gibson,paulwilliams@example.net,qts71RuAb!,user,Senior Software Engineer
c3620492ff044107989539b8,Mrs. Angela Gibbs,warrenjose@example.org,8HSgOk^w$H,user,Software Engineer
bd82090dbe70420f8d344fc3,Amy Stephenson,angela13@example.net,AQw+5Ggn(S,user,Software Engineer
4d181e58cdbb49cfacdccae6,Jonathan Stone,wmorrison@example.net,MQ2WOrk5)i,trainer,Principal Technology Architect
8748b1b11089482792eaa07b,Jacob Miller,qwagner@example.org,#DE9NFDs5W,user,Senior Software Engineer
381c7893c60f4f0aa9277e74,James Wells,alexlivingston@example.org,cvAGASuO*2,trainer,Principal Technology Architect
6200ea94bc4f4b6bae7e930f,Alejandra Barrett,reginald82@example.net,!Q+16B#ik4,user,Solutions Enabler
7bc02d351d4e4a679a6a90de,Elizabeth Lara,elewis@example.org,%BVRrLyy92,trainer,Solutions Consultant
daac4637fbe84ef98ba942f1,Charles Jones,pmason@example.org,T9PWYDm((9,user,Software Engineer
2f9744c5056e4d86bf7afe68,Juan Coleman,courtneyhardin@example.net,7G$IRFQ6$x,trainer,Principal Technology Architect
20b521ec4940402caf01aa68,Scott Figueroa,thomas62@example.net,_HvQsS%a%5,user,Senior Software Engineer
65d7d285affd4b85aa918f34,Janice Petersen,hollandsusan@example.net,R&3WYErE8m,trainer,Architect
cf684ed25476499a9fbb2f4e,William Ward,donaldjordan@example.org,(u4Yb#xyxE,trainer,Principal Technology Architect
baacb171f2744d1c8891fa02,Lisa Jackson,holderphilip@example.org,_ekP7^Jh(9,trainer,Architect
abd5115233224d37a710d7bf,Adriana Jefferson,ewalker@example.net,2vZG^XW!%k,user,Software Engineer
4e8aeda08eba41a18653d626,Kelly Wilson,sharon57@example.net,*_arhRfh3u,user,Software Engineer
aa551567b6fe4d6ab3486854,Sean Gonzales,teresa33@example.net,cxcWe5RF!8,user,Solutions Enabler
30084dc152304f9b82045191,Samuel Castro,tperez@example.net,Ui38+IZi__,user,Senior Software Engineer
bf987aea4f9b4d8d94beff75,Mitchell Dyer,rodriguezandrew@example.com,+H3%OjlAI7,user,Solutions Enabler
545aea7bb72940ea92e41ac9,Michelle Shepard,christopher11@example.com,epbyPoph!3,user,Senior Software Engineer
b0036522735f427bbfa2fb4d,Karen Garcia,jriggs@example.org,92sc@*Zl!e,trainer,Architect
d54609c5022b4dcf86db8df8,Theresa Dixon,rsingh@example.net,)31G^d9L^g,trainer,Principal Technology Architect
719155ae3d274d84ba8f7f09,Angela Peters,nmendoza@example.net,3sFyjGaO_X,user,Solutions Enabler
e9e4bb41ddc5446593925ab6,Cynthia Wright,patricknguyen@example.com,*2C@2MCp9N,user,Software Engineer
c61970ebb28447e0b3ebf0de,Kimberly Bailey,williamochoa@example.com,Hq5+%Zss4$,trainer,Solutions Consultant
8e06fe8c4c2847048b74f7eb,Renee Adams,valeriesmith@example.com,C8t@4vNtzT,user,Senior Software Engineer
94bc0cd4871f4e73ae3fbaef,Jeffrey Shea,rodgersisabella@example.net,x9MMUbST(z,user,Senior Software Engineer
79b0f8bb71bb4a50bdbceaf4,Sheila Ramirez,bakertim@example.net,)y3M+ChA_9,user,Senior Software Engineer
ec9a6d65956941d3ad0ba9e9,John Wright,mckeejoseph@example.com,lD63INkh!b,user,Senior Software Engineer
8077e67ae49c4549819e46a5,Robert Olson,joseph09@example.com,*e)VHTR)_6,user,Software Engineer
3ba2a3ec87104e00aec98c50,Daniel Hopkins,ywilliams@example.com,gCA9Pf^o(Q,trainer,Solutions Consultant
223017157f3a431b938367e4,Linda Butler,karenmorgan@example.net,*LLgKg*4_9,user,Senior Software Engineer
eb27a1f6fc094d61a3fb4f4a,Jeffrey Collins,harpermelissa@example.net,vNh00VHl!Q,user,Solutions Enabler
63987eb29f4b4e00bef51d6d,Tim Hernandez,daniel83@example.com,B$6A#R4ygJ,user,Software Engineer
103072ba70714a308d7321fc,Scott Neal,laura75@example.org,+^E6%v&B)1,trainer,Principal Technology Architect
d994365a32eb484a82d6d491,Mark Jenkins,stacey12@example.net,DsVs4FnP_5,trainer,Architect
2850da0b68e545dda5b3d642,Kevin Stewart,donald22@example.org,KjI6^oWf+k,trainer,Solutions Consultant
cceb635dd5b64edf85ed0ca7,Jeff Stephenson,davissharon@example.org,%0GB!o@b(L,user,Senior Software Engineer
ea999b8e35eb46278750a9b1,Laura Cole,lisa13@example.com,E7s4Lt#P^9,user,Solutions Enabler
42b436d5dd0d4b569ebe17ed,Ariana Stevens,elizabeth64@example.org,!UUg42ht78,trainer,Principal Technology Architect
48b6287c69a44199aa49f0ed,David Norman,clarkconnor@example.net,)6(C2saveB,user,Software Engineer
130f4c797e78466b99473675,Rebecca Smith,mcgeejennifer@example.org,brnkJBpv+5,user,Solutions Enabler
c0879490fb2a4f989be11355,Daniel Tapia,mary13@example.net,j@LvYJ@a!9,user,Senior Software Engineer
f5c4f1c06fb846c499ea877a,John Sanchez,forderica@example.com,*%ZBRtri2P,user,Solutions Enabler
88fcdb102d454032b131d86b,George Nolan,ashley52@example.org,(6VQ(!OSh5,user,Software Engineer
5d36d771d3b740869826592b,Sheri Chaney,georgegreen@example.com,!8rPlyrc*4,user,Solutions Enabler
9758fcbebb6c4b16b56cbc88,Brenda Patterson,mark08@example.net,)W&*R3FvV#,user,Senior Software Engineer
c5a5bac0dcb24d9b899ee2c7,Vincent Johnson,hawkinsjason@example.org,q!6H108dMt,user,Senior Software Engineer
b504e1a82c3248db8e495069,Gabrielle Roberts MD,gibbstimothy@example.net,9FePoUSs^b,user,Senior Software Engineer
e86a554598ee45c69278ece6,Carol Johnson,tyler04@example.com,3liWS2KwM+,user,Solutions Enabler
b6d32350945a4388886e0930,Paul Andersen,hgarcia@example.net,+JI6giv7d2,trainer,Architect
9479f58dc93f4b54a2e6c75c,Jeffrey Bean,josephporter@example.org,5zJ5bkdJ@h,user,Software Engineer
7a6f0784f9cd460eb2bd2d4e,Jason Cooper,cmonroe@example.net,@3AJ+fQ6*I,user,Software Engineer
6d1828f3148b4d3d98dee182,Allen Howard,grayandrea@example.com,#!1Pd5Ub#2,user,Solutions Enabler
da6f5c866c8744cba3b2cc97,Daniel Trevino,jenniferrichardson@example.net,io8uiNyMA!,user,Solutions Enabler
f7b3179984cf46ca930cb007,Alejandra Cox,whitakernorman@example.org,8^*9iLOm&B,user,Solutions Enabler
2847cc64f79d48099c2fc57a,Matthew Craig,tanya46@example.org,U_8Av5q%3i,user,Solutions Enabler
4f90281eb7fa48b9ab644870,Tony Smith,johnjones@example.org,9JLYwlhA^0,user,Software Engineer
07def36a7ab4431698d1208e,Mark Palmer,braunmichael@example.com,$tImGu0yE8,user,Solutions Enabler
2121134c1cb24ea0aeccdf95,James Martin,youngamanda@example.com,dX5S^Yp)%N,user,Solutions Enabler
1327841474af46169f843fab,Keith Williams,janicejohnson@example.net,6WV0!Ffq+#,trainer,Principal Technology Architect
e0ad0c5b235c42f19791de5b,John Brown,jacqueline45@example.org,!7&r3fMyWP,user,Software Engineer
6f127e933aa94dcba14b2221,Edward Cooper,ostevens@example.org,#75%GSd5$r,trainer,Solutions Consultant
4db7bb30e7b44759b87a9e8c,Marc Martinez,peggy99@example.com,T)99mCjpg),trainer,Solutions Consultant
01822948749a4a99ae72d1cb,Morgan Wood,toddlowe@example.net,_TKmnGEvv4,user,Senior Software Engineer
f62bfbbee9af4ed0aec1fe96,Crystal Weber,jbailey@example.com,hF9s0xJj$2,trainer,Principal Technology Architect
7994d1f7b734451c85329010,Jonathan Brock,hdillon@example.org,%ck3HWgM$a,user,Senior Software Engineer
97dcffa1c0f9491bb8c377f5,Michelle Robinson,jesse81@example.org,K)c2nRg_2V,user,Solutions Enabler
0791bf7d1fd74b56bf291514,John Gregory,montgomerylee@example.com,p@bM2Q4p+0,user,Software Engineer
56673884ac99469ca6ed7c57,Steven Todd,terrymullen@example.org,^)HBy+kv0T,trainer,Architect
5248bf5c17614645a543b12a,Timothy Lewis,omooney@example.org,UGO8MVmWe*,user,Software Engineer
d761a381ba6d4214aab3f425,Wesley Brown,markwiley@example.org,$sS%Kjp2C2,user,Software Engineer
91720c90cc314876a0d78a0b,Courtney Ortiz,matthew60@example.com,(_$N7CSqI6,user,Solutions Enabler
72deeaa947c342759ba6935e,Heather Robinson,ucarson@example.net,9u11nSxp*P,user,Software Engineer
9bb52be3fa7e475bbf7451dc,Emma King,chelsea40@example.com,j6^YpILm!k,user,Solutions Enabler
fef756dab37849adbb2c9441,Nancy Huff,stephanie38@example.net,_zabRsRt1N,user,Software Engineer
4edd3ecbc1c248ff939ed18f,Carly Pacheco,rebecca71@example.org,a3_BXfg9%g,trainer,Solutions Consultant
0c05dfb80c054831b9a80e7f,Carol Edwards,wwong@example.com,#_YL#fUe4u,user,Senior Software Engineer
151d4e4ae0024c2abe720cee,Adam Vasquez,jerry73@example.com,1)Ne*1IlDw,user,Solutions Enabler
d58b5f1d91d44c09ba8aba52,Donald Sweeney,uweaver@example.com,^12Tid5Hf2,user,Senior Software Engineer
d1224b122f494e4cad9d3078,Nicole Brandt,qmccoy@example.net,8oHzb(eo&0,user,Solutions Enabler
86c513b84b7c4ffba9615b02,Autumn Thomas,faguirre@example.net,)nVx+L9I7R,user,Senior Software Engineer
6be6dccce5804299af6b40f6,Michelle Faulkner,wgay@example.net,t_3Afyyn)3,user,Senior Software Engineer
2fe43b18aa5b46c99bea65ea,Brandon Campbell,laura91@example.org,%!DlN4PxFW,user,Software Engineer
d346a954e45b4761a0bf62f2,Kelly Vaughan MD,gary34@example.com,iv3QfUzy@^,trainer,Principal Technology Architect
87ce170dd3a0432a9614d1de,Jane Cooper,justinrodriguez@example.net,8jVczV+d)3,user,Solutions Enabler
bf5d22e652444aa899b20fea,Traci Mejia,ruth36@example.org,&5#VdKq9#_,trainer,Architect
592f58deb77c456eab183d7f,Bradley Lucas,coxzachary@example.net,54ToPpFv(I,trainer,Architect
1ff23a76dcd042969670a678,William Murphy,jonesjonathan@example.net,#4LMiYqikf,user,Senior Software Engineer
1738f47167d041ccb27c3af8,Jessica Wong,crystal40@example.org,BfAImVK(*9,user,Senior Software Engineer
755d246112e642dbac68ed97,Daniel Stewart,amymiller@example.org,sR1@djgmB@,trainer,Architect
2b65204c8dc84b3ebf2f3446,Kenneth Villa,samanthabuchanan@example.com,P(b1ct(jhO,user,Software Engineer
cb84bd3990164db5894c1031,Christine Nguyen,llong@example.net,&6HVz2oZiW,trainer,Principal Technology Architect
af8cce018cb44421bf2face7,Alexander Ward,lawrence29@example.com,0eK_)1X2!*,user,Senior Software Engineer
219c533410344eb69cf563a0,David Nichols,elizabethadams@example.com,@oFLKnUGH1,user,Solutions Enabler
653768a29c224d549f557d67,Natalie Turner,joshua86@example.net,*_L3SjDe_1,user,Senior Software Engineer
540eeb2970e34bdb881b9c42,Omar Frost,mariahensley@example.com,UO)&f3BolQ,user,Senior Software Engineer
936bcd1568a7429996ba95e4,Timothy Miller PhD,alexis73@example.org,_vMSIIi21E,trainer,Principal Technology Architect
2e9d0c488bfc4fb2a531043f,Earl Aguirre,austinrosario@example.com,)hTUZn_h98,user,Senior Software Engineer
d8ab44ccd14a4966b691729f,Elizabeth Jones,rfrench@example.com,d&g7J7jp4),user,Solutions Enabler
458243bdd9d84a08bc77e0ae,Nathan Hernandez,teresa01@example.com,6dR4Zrzb+(,user,Solutions Enabler
66bf2040253c4a4e983593ca,Christopher Medina,jamesjohnston@example.org,i+aK1S^n6w,user,Solutions Enabler
f13c63e0e843488fbc63850a,Sean Blackwell,opham@example.net,S6CwJsAw)x,user,Software Engineer
42edd7d54c8c41fbb5b21f42,Steven Estes,fwells@example.net,R*xSq(9xpM,trainer,Principal Technology Architect
49ee5eade19347488622a358,Hannah Vazquez,gkemp@example.net,0$Pdpo%o)2,user,Senior Software Engineer
823ad42f4c584e4cb847aa1a,Nathan Thompson,qjones@example.org,nVYc#ZEn@0,user,Senior Software Engineer
3b1e9040b78343f9afab1cbc,Lisa Cook,johnbruce@example.org,XP4L3BhO#4,user,Solutions Enabler
edcee024b8674602acc4283e,Kristin Jones,shaunrobinson@example.net,C2Fk4_Sw(p,user,Senior Software Engineer
501cd7c67a1044bc96127da2,Michael Bolton,pruitttodd@example.net,gNCP6Wzz&$,user,Software Engineer
546956d8d1564927a0f29a67,Carl Cross,traci62@example.net,b5JQD5gP*m,user,Senior Software Engineer
3b6633dbdbff42cca5695828,Teresa Bentley,john04@example.net,@fr9NRwUR_,trainer,Solutions Consultant
d657b70f864049dc9c1c8d69,Anne Dominguez,colemanrachel@example.com,R_Z0FJ6q7n,user,Solutions Enabler
df6a3da2c8714f78be6d92b0,Lauren Hicks,mary75@example.net,GiQr0tBi^@,user,Solutions Enabler
7317e21c56c84947af5db53b,Daniel Golden,xortiz@example.org,x)5bBW+mEU,user,Solutions Enabler
4e3814e2957e4a8098269c40,Jared Williamson,theresakeller@example.com,+6rXz078oT,trainer,Principal Technology Architect
2e2d2cb1b63e42b880f9c86d,Richard Cantrell,butlerpatricia@example.net,V7fR#gk9)r,user,Software Engineer
70c34c65ccb1400ea4a096b7,Laura Dougherty DVM,bcarey@example.net,l1M*ofBa!u,user,Senior Software Engineer
6b7447d9d303460b9aaab9aa,Jennifer Harper,browningcrystal@example.org,C&b2NvcIEZ,user,Solutions Enabler
69022dba669847ccb8613485,Sandra Gomez,jeff42@example.org,o$N7I2o5ub,user,Senior Software Engineer
08516d3f56884dc4b058ebc9,Robert Mckinney,danielking@example.net,$XHOrrkR2R,trainer,Architect
45f249ec9d204cd2a29583b2,Edward Wood,fischerlindsey@example.org,$EOvyGVy4^,user,Software Engineer
a45e046379164940b099b4ea,Alyssa Moore,vincent75@example.net,ZH7ZI7Dq@7,user,Software Engineer
bdf670f4fa834a2694e0f369,Joseph Dennis,lisagonzalez@example.net,_3$6VqMepY,user,Senior Software Engineer
7927ae5571604567a0b536fb,Anthony Valdez,emartinez@example.org,@k0GbDmam&,user,Senior Software Engineer
0fe6f26a52d145dda81df2a0,Kristine Cardenas,othomas@example.org,$HtYtZ_o7F,user,Solutions Enabler
799be7048cef48a08dca3dbd,Mark Cox,ronald26@example.com,q(r8Wdyhi(,user,Software Engineer
8bf0d995d6664b7cbd02a5b6,William Adams,jenniferthompson@example.com,Z9U$4DwiXg,user,Software Engineer
0a1dd8c2282d409bb4f6f2a6,Nicholas Horne,robert68@example.org,!M_5Qsio78,user,Solutions Enabler
1635102c96284a31afd8f1cd,Brandon Mayo,jill43@example.net,0dY7D)VB#6,user,Solutions Enabler
f70a9b547aaf44de85f7c6a5,Leah Larson,tammy17@example.org,+h2dB!jp!I,user,Solutions Enabler
f5078a2aeae043db9d7f5442,Glenda Gonzales,crystalcrawford@example.net,^19TnBuPV7,trainer,Architect
738e3bd259ab473d946fab65,Terry Hodge,katelyn26@example.org,$cTUzKwJv8,trainer,Solutions Consultant
2ff28477d5104550aa44658b,Andre Francis,joshua05@example.org,7P3Mljo0!0,user,Software Engineer
df457c1522874750bbd1c38a,Sharon Lawrence,april97@example.com,^ZI8XQGx&o,user,Software Engineer
a7bd8041bc3147f788a45ae9,Reginald Smith,danielledavis@example.com,+o3$yCDse7,trainer,Principal Technology Architect
2a94a20594d64091bd504c31,Angela Ramirez,matthewvalencia@example.org,%9O0KMgVkY,user,Senior Software Engineer
a2e212157d7b420d8402b9a5,Michael Mack,laura13@example.net,0eW^Qw9A$K,user,Senior Software Engineer
881d825cbb41478a8f6f4c83,Alicia Patterson,peter51@example.org,3soLaPRi@J,user,Senior Software Engineer
75464c72f8ac44c89ecf2a31,Charles Gallagher,jimmy45@example.org,o8*5mEl__U,user,Software Engineer
455da89f483f47bda546752d,Cameron Reed,ryan28@example.net,Zc9D39esV$,trainer,Solutions Consultant
ca7336f94cc14cd3b3119f5a,Brian Zamora,toddwilliams@example.com,(*4P7eEmZx,user,Senior Software Engineer
6083f8d3cdc54eb0ba51dec4,Victoria Huang,ricardothompson@example.net,jyS7Y6yC&8,user,Software Engineer
27908758762d45a6b230b6ef,Keith Hicks,qschneider@example.com,z&$v$0GeTB,user,Solutions Enabler
50d7b9fa9de64c439bff9c65,Victor Young,christopher63@example.org,83xZM_e1%u,user,Software Engineer
173c4ec933a4482ca3b1ba76,Richard Ortega,pdunn@example.org,#$n7YWKkE^,user,Senior Software Engineer
f1ddbb62895e476cb6862967,Kenneth Bryant,ceaton@example.org,_Vc$6NDjle,user,Senior Software Engineer
545caaac48e04cac88fa1f94,James Miller,mbell@example.org,9nebVk%s$2,trainer,Solutions Consultant
309647e5fc4e4af2bef26139,Randall Taylor MD,nross@example.com,ZA2%YgLcv(,trainer,Architect
86b05adaf0e943ae97df6aea,Joseph Patton,vmcintyre@example.net,)ja3WtSC62,user,Solutions Enabler
f8f39514df2e4fd793bb4db4,Carrie Smith,john50@example.org,@qsIa9)x8w,user,Solutions Enabler
1895a66aed6b4fd7aef934d8,Kimberly Anderson,robertsonchristine@example.net,Zv9S7E3ub_,user,Solutions Enabler
ffafc34e7e244003a503ee95,Dana Martinez,henrymisty@example.org,%N0PAP6zT5,user,Senior Software Engineer
601153ba81e04ffcb98ccc49,Steven Butler,jennifer11@example.org,(YFJ4WgyP2,user,Solutions Enabler
0cae54cffa12416cac927e92,Renee Matthews,xallen@example.com,ywW4E+ZDB!,user,Solutions Enabler
7f5e0f9a3e824adeade5a949,Lisa Thornton,wallaceamanda@example.org,%3Gnjmytc^,user,Solutions Enabler
00f57278b71b4465a09bd458,Hunter Robinson,ereynolds@example.net,%mGvdS4Pw9,user,Software Engineer
1eee79665e3c4efdad75d641,Mr. Joshua Dominguez,matthewchurch@example.org,n%63oY8h&4,user,Software Engineer
3f5dadf42c94432499e296a7,Beth Greene,rtucker@example.com,$dyHwNFd@8,user,Senior Software Engineer
cc09758531fb47bbb195c428,Zachary Brown,jgarza@example.com,696aQ*y_+z,user,Solutions Enabler
256ef254bcf441cb874bbfb6,Robert Hoffman,knightdesiree@example.org,wnG8I)Tr@X,user,Senior Software Engineer
74e08650eb7d41e796d1db72,Angela Marsh,justin35@example.net,)ZOYV3u)!4,user,Solutions Enabler
36c58f958a374bf5a702eda1,Deanna Suarez,bstewart@example.com,*msG#6Gbk9,trainer,Solutions Consultant
5b933ec83f9e488db29346e0,Ronald Valdez,chenmicheal@example.org,By^%f5Ia(E,user,Solutions Enabler
cef13892c6f24e97ab481978,Daniel Hernandez,sabrinaroberson@example.com,^L4lKgZg42,user,Solutions Enabler
35d5090ee49040cd995b8187,Nicholas Brooks PhD,hallwilliam@example.net,VWtJQIc9_1,user,Solutions Enabler
2727c9503c684bb9a8a91b40,Gail Hebert,charlessullivan@example.com,%jA63i6m@8,user,Software Engineer
618ed2437a5b4d78baffe783,Michael Mitchell,mirandaamy@example.com,%C2#xYs%Oq,user,Solutions Enabler
c557a71267f04226b1faaf2a,Hannah Wright,bkelley@example.org,d)*q31Qr_),user,Senior Software Engineer
53f7df8e0eea402ca4aa8105,Jodi Johnson,roybird@example.com,*_8TOSRvTg,trainer,Architect
95c414345b1344eb9a86ea06,Roberto Daniel,virginia18@example.net,0JJboL+u+p,trainer,Principal Technology Architect
725bdc64f14e48cd9ebc6849,Mr. Jermaine Sutton,jessicawalton@example.net,cH04YILn_e,user,Solutions Enabler
772f082e024a498fa06b8cb1,Nicole Montoya,samanthamccarthy@example.com,4iIOXZuc(1,user,Solutions Enabler
83d1d988e93745bda9d79da2,Aaron Martinez,gyoung@example.net,ev!1M%p!N&,user,Software Engineer
062ce5f9f344421abf619e79,Samantha Palmer,taylorwood@example.org,_ayn#2GjK@,user,Solutions Enabler
c2f4276dce9145b5b6d7c018,Mary Wilson,garrisonalexandra@example.org,#_3CTgESDi,user,Software Engineer
98b3014727ac4ef0b95555d1,Michelle Brown,lshelton@example.org,_h9DKDVj(H,user,Software Engineer
585c00d981e04449a02c4a8a,Kevin Holt,nicolebradley@example.net,@$(0@O9wk$,trainer,Solutions Consultant
47521731715946038cbf054e,Dr. Emma Castillo MD,langkaren@example.com,nu%4HFcMky,user,Solutions Enabler
e8f589d147494d6491e03217,Zachary Simpson,donna30@example.com,nN&oRgoB&6,user,Software Engineer
cdb8c1111cc2435382886de2,Victoria Kemp,qmiddleton@example.net,@iijNXdIY0,user,Senior Software Engineer
68bf497ff230491dbbcfc46a,Sara Robertson,xferrell@example.com,H!h6Xcd6p8,trainer,Architect
ed02ddb364594a79bd0254ed,Jennifer Pope,susan55@example.org,_6EuxC8BJS,user,Solutions Enabler
10839ff7dbff443386f14141,Rachel Johnson,christianbarry@example.org,LoT#*3Vr^B,user,Solutions Enabler
7c94219732e04a35b8f0d356,James Greene,whitelisa@example.org,rd2n7QuuI@,user,Senior Software Engineer
b66151bc09b940f0a9b82e1e,Janet Harris,sanchezshaun@example.net,l06ST9Ecg%,user,Solutions Enabler
ec322213b13e4e829faac0d7,Christopher Hayes,dawnmyers@example.org,&l)S8kIrR1,user,Solutions Enabler
04671ff2e4cb4014952a1865,Jennifer Valdez,ohall@example.com,iYNhStN0_8,user,Senior Software Engineer
888bd153514e4d90b283beab,Keith Roberson,jordanscott@example.org,ZP4&@Ykx&e,trainer,Architect
2a7debb0d6514f6491e353e4,Rhonda Webb,yruiz@example.com,*_9cHN!rGv,user,Software Engineer
4b4d19a20dd841b9abcfe283,Emily Mckay,bondkimberly@example.org,Rw5CSqnst!,trainer,Principal Technology Architect
84a5932f26044cdaa686bfa8,Christine Marshall,jpeterson@example.com,@)12A)jfq4,trainer,Architect
ae55d3eb963d4cf4b4bd53de,Amber Bowman,carrdana@example.net,8j74JsDvY(,user,Senior Software Engineer
0c8587b79cb44ea88f0ab6f7,Kelly Thompson DDS,warrentyler@example.com,l7Iji+KB((,user,Solutions Enabler
271c1ac1556947f0aebce86c,Debra Hinton,steven32@example.com,g_75WafaXJ,user,Software Engineer
6d4c5aea8b87419b9852d439,Logan Fletcher,brucefrye@example.net,Tq3Af3*_X&,user,Software Engineer
55e3d0a47a244183a809d8d8,Christopher Bass,cfowler@example.com,)VY*hgx(n5,trainer,Solutions Consultant
4e1a5587186f4d3fa7f69204,Kelly Rodriguez Jr.,michelle33@example.net,_q)1W$xfC0,trainer,Solutions Consultant
0407e74c6b394860a729639e,Holly Todd,jennifer54@example.net,*MtYTt^n0P,user,Software Engineer
121d1e11698347e79daca62a,Cameron Parker,taylormichael@example.net,Ytg(2YEq@I,user,Solutions Enabler
99556ed7cff24899b600daf7,Jacob Johnson,michellecombs@example.net,O1$r1Um0B),user,Software Engineer
6df071db02dc4e069b6eac94,Renee Smith,jenniferwade@example.com,d8XFy+HT!+,trainer,Architect
457fdafbb4a24a2fa72c5907,James Craig,mclarke@example.com,V&N(8Fri8E,trainer,Principal Technology Architect
d7bcb8ce82bc49b6a953b1e6,Joan Armstrong,dustin94@example.org,b&J8EsrZ$V,trainer,Architect
8b906dd95a65446796d72c98,Paul Daniels,jessica20@example.org,*1yLaRFZA+,user,Solutions Enabler
045ce475a1d74d1cb292d4b0,Amanda Cole,mckenzie89@example.net,IxIm8zXnj$,user,Solutions Enabler
32f7ed661b4647cb84fbf890,Jason Moreno,franknelson@example.com,X%8XwEN%@k,user,Solutions Enabler
531ddca83a0f4f75a838470b,Kevin Thornton,jamesdunn@example.com,fFL6U(nvS!,trainer,Principal Technology Architect
cf6d83ead8344ac69c33b71c,Carolyn Brown,macdonaldstephen@example.org,9^&z0Hjg5D,trainer,Architect
64115446957e40fcb2ebdcc1,Nathaniel Jordan,ajenkins@example.net,C+D70ETsTG,user,Solutions Enabler
d0a0ae0af48743578a76903e,John Lewis,danielleyoder@example.org,Qo8rRg21!d,user,Solutions Enabler
92dbfcb372984a2a87df5266,David Fischer,alexandercarrie@example.org,XOMXuXnf&9,user,Senior Software Engineer
b77e588af2ff4ba5b894320b,Kevin Farmer,rileymegan@example.com,x_8GJdQcU&,user,Senior Software Engineer
14e1796c3a78405ab536285c,Jennifer Brewer,aaroncurtis@example.org,!1fBuPktZ2,user,Solutions Enabler
ac4be0eaad7548af91699d48,Brittany Martin,schaeferkim@example.net,%*YTQkf%74,user,Solutions Enabler
356cdb7f728c4941b1136f5d,Keith Gonzalez,casey89@example.com,#4EonSra2U,user,Senior Software Engineer
f94445d897ef4befb17863f7,Michael Wood,tcameron@example.org,0dH5DtWq^#,user,Senior Software Engineer
1432e17bf8cc4a2d9c5ffe52,Laura Jones,allisonjoshua@example.net,77WhboIn$$,user,Solutions Enabler
34634a1b0f0447a385e0487e,Melissa Wood,fchavez@example.org,_C+HB4hd5X,trainer,Principal Technology Architect
61752f6bb59540f49b0fdc79,Melinda Cole,cynthiacarroll@example.org,vEg3KvxF$!,user,Software Engineer
073249813206421b8e347599,Elizabeth Houston,kristen91@example.org,IJkYJ!(i%5,user,Senior Software Engineer
b864ada1675b4f3aa20ba7ad,Ashley Oneill,casealejandro@example.org,Kqx7JFwv&y,user,Solutions Enabler
2cb432d0b17c4cfaaef0c641,Blake Howard,johnsonclaire@example.net,UL7WBxq4+O,user,Senior Software Engineer
dc2d647df10d4a45906d9e75,Jessica Kelly,betty70@example.org,vI+_9FRkmS,user,Software Engineer
9efbee7885dd4ea9a545a42f,Brandon Wade,barrerakimberly@example.com,8%E0xGcy%2,user,Solutions Enabler
9ec513d350c7495f988411b6,Bianca Bennett,mcardenas@example.org,%J0SEcd51+,user,Solutions Enabler
69d1b897ab95425a939c9e31,Jerome Moore,princejason@example.com,B(Y7C2Vzee,trainer,Solutions Consultant
4eb818657d6e4429929babc3,Mr. Michael Riddle,kwilliams@example.com,$abe5H9jlz,user,Software Engineer
1a5e7ef888de4106bea61904,Christopher Smith,tranfernando@example.org,K&6MLvMwxt,user,Software Engineer
7614fce16d2f444eb86edf4e,William Carlson,elizabethhardy@example.org,#!Di4ui6+3,trainer,Solutions Consultant
a7fdd531e82b43b399cdb97c,Kyle Brown,shill@example.net,BERFk*bD)6,user,Senior Software Engineer
f7dbf20b4cee4c87b3554e46,Vanessa Morris,terry04@example.org,)(UZ_Zkp9T,user,Software Engineer
d56285b500314b7ca859dd96,Dustin Miller,moorevincent@example.net,p5eXBWRu_W,user,Senior Software Engineer
8f63b10b95af443a9f5ec757,Ronald Ellis,ybentley@example.net,Oxa4UK8s_W,user,Solutions Enabler
7a36431f98ef4584a54f17a4,Albert Cain,wjordan@example.org,!8yKHz#NtZ,user,Software Engineer
949748cc8c0344fa8993b868,Jennifer Petty,dmarquez@example.com,f+WBN0YqPW,trainer,Architect
38097e88187a4546966f22fb,Krystal Hicks,melissa65@example.net,m45Q0Wc7D#,user,Software Engineer
313b86e2b9494b6687fc3a84,Stephen Watkins,caitlinwilson@example.net,4Ou)l%qX)4,trainer,Principal Technology Architect
4f1315045dad447f92e1c86b,Christine Stevens,robert70@example.com,1!X3aXlYK&,user,Software Engineer
8ac3fb6eba8d44318988d4ec,Jacqueline Murphy,onoble@example.org,PcJq!7Smp8,user,Solutions Enabler
302dadd0ae0543d989f9d266,Shawn Allen,charles20@example.org,Hp6OKyi++7,user,Solutions Enabler
cf787cdd40804aeeb97d3f06,Angel Hooper,nguyenabigail@example.net,19SHA4sb##,user,Software Engineer
a7e9f4ab5c1f4683bb8e50e0,Pamela Graves,patrick42@example.org,+9_4NLv5Oz,user,Software Engineer
b10dcb2b1f7f4a6b9e6fcd19,Brittany Fitzgerald,lynnjonathan@example.net,yL^Qm2Azzj,user,Software Engineer
03338da8bea841debf84316c,Deanna Clay,nealkatherine@example.com,!qZ2Lya7sh,user,Solutions Enabler
99a85dd451284af2afc96b3a,Jennifer Fleming,michael76@example.net,$47QZ(Db)v,trainer,Solutions Consultant
8db11a4b8502445abc45f51d,William Fisher,ujones@example.net,so0BOj4as(,user,Software Engineer
df96fba3f3c24c2bb87aa136,April Chambers,kimberlyjones@example.com,N^J3%PLuPc,trainer,Solutions Consultant
9f712dab60f84f6193679e04,Jean Johnson DDS,shawn94@example.com,U%3ofScd(r,user,Senior Software Engineer
27a9b0bcf7ab4954abac299b,Rachel Palmer,rromero@example.net,o0A9O2(k+u,user,Senior Software Engineer
685b70f82ec349b7a8784cd4,Morgan Pratt,iperez@example.org,P_2hHaKdNA,user,Software Engineer
54fe69f6e4454b01b16f469e,Jaclyn Johnson,lindaoconnor@example.org,dc^o8oIwmI,user,Solutions Enabler
b25c48bad99046d99b083eab,James Wright,charlenenguyen@example.org,w$8v4Fl!ix,user,Software Engineer
e0034f7750dd4a379e39850c,Jacob Lewis,tina83@example.org,9WCG#mTE$J,user,Solutions Enabler
e61d2593da954cab916c0bba,Patricia Welch,rschultz@example.net,%Y0H0jjrv2,user,Software Engineer
b8b47df254f44114be5b4924,John Robinson,phillipspaul@example.net,f_$Y5DaDHW,user,Solutions Enabler
86a6818142d64121b7840fc5,Bryce Mcbride,ycooper@example.com,ZS76jTlT__,user,Senior Software Engineer
92f73572dccd4ba0a8116d54,Breanna Villarreal,lauraferguson@example.net,fM*72Lh+#&,user,Senior Software Engineer
267d29e6e0fd497fbb7621b4,Natalie Perkins,zleach@example.org,)59E*EunOu,user,Senior Software Engineer
5942aa3303dd4cd1b4726fd9,Jason Jackson,garrettmark@example.org,796sCH_j!T,user,Software Engineer
6a7acac386ca4e2bba90fca3,Rachel Davenport,johnsondaniel@example.org,_dqDqv5oZ5,user,Solutions Enabler
7124dc82c02441fe97775128,Brittney Rivas,michael13@example.com,Cv0G35Ga$I,user,Solutions Enabler
cd3248e126ad4c32bb2f97db,Benjamin James,curtisjordan@example.org,w!2gJqPhOQ,user,Senior Software Engineer
d3516511f5b1417eab0490bc,Leah Lang,lopezbryan@example.com,2E*aE8PsY&,user,Senior Software Engineer
76121b478c4d4363be4ec0b6,Haley Kelly,tylerlogan@example.net,#CCu1tFaW5,user,Solutions Enabler
163c0124183844ec96d966fe,Billy Herman,rioselizabeth@example.com,+8fwIuilxj,user,Senior Software Engineer
fca90578eb8a40bd81573008,Renee Johnson,santostony@example.org,2%X3SxpAFg,user,Senior Software Engineer
68dcb0e975d74b598a5748bd,Charlotte Tucker,webbdeborah@example.com,FY1$R_ydb@,user,Software Engineer
bd7ede3fae3449729b8859c5,Anna Decker,romeroeric@example.com,I^$MbaAP+4,user,Senior Software Engineer
11ccd0c1bcc6439481fada52,Martha Thornton,suttonjohn@example.net,%6MKxxe#j+,user,Senior Software Engineer
3928d86d4d7b4a28888f234c,Jeremy Medina,srodriguez@example.org,0y1Ds*vA&0,trainer,Architect
39567013967841a4b029fc68,Michelle Soto,casey74@example.org,(_7&EyEQwG,user,Senior Software Engineer
b0cb6a6289aa41af8d7216e2,William Fischer,pdavis@example.org,^9MhvK3Xqp,user,Senior Software Engineer
d234e9a46964412fa19052cb,Mary Ortiz,jacobjackson@example.org,@Z6Pc_&r#Y,trainer,Principal Technology Architect
c876b8b2737548c0b3a26e0f,David Flores,carolinesmith@example.com,+95TUhR%fl,trainer,Architect
43448233050b439da7cae653,Paige Wilson,elliottgeorge@example.org,(WTsjqzpH9,user,Solutions Enabler
2c7c6e33e20f49289ebd3920,Deborah Gutierrez,deannagonzalez@example.org,(5l5kGqz7u,user,Senior Software Engineer
448e5d7748dc4dc09d2ede83,Bruce Cuevas,joannebeck@example.org,C+1LLd6fSG,user,Solutions Enabler
c2c11245f2304fc0bd75cdda,Kristen Carr,derekfernandez@example.com,#8k6VQXx$k,trainer,Architect
60b19dda47f643358181cf20,Jessica Fisher,davidgordon@example.net,8#7VeJ_%dd,user,Senior Software Engineer
f0ec1eb4fa0240cea554ec79,Laurie Gonzalez,houstonderrick@example.org,^H4WFrL@%V,user,Senior Software Engineer
53cac02e6b85420bbd8b2f4c,Kelly Thompson,joelthompson@example.com,*88*5CDd&P,trainer,Architect
dbd4432632d94144b6c5b290,Elizabeth Whitney,michelleperez@example.org,oF8v&Lx*^c,user,Senior Software Engineer
d4f79c67bab24535925c420e,Christy Harris,morrisonraymond@example.net,v_04Ji@sop,user,Software Engineer
0d20496203a741868a5b35af,David Vasquez,lisa67@example.com,8G5AYz)n8(,trainer,Solutions Consultant
85696c35b457443c8347ea9f,Scott Boyd,valerierocha@example.net,z6fqiEaf$4,user,Senior Software Engineer
8e818b647f3c49f4a378d81c,George Benjamin,ruben69@example.org,p)yK7mQx+),trainer,Principal Technology Architect
21cdffe166fa4e4cb1019e9c,Dr. Brooke Alexander,cheryl47@example.com,B%CD1Fd#i$,trainer,Solutions Consultant
4e7599c9b50543f5b65f5ca8,Megan Simpson,christinalewis@example.org,FsBN76i$_0,trainer,Architect
a8abce01b9194377a50020cc,Sarah Campbell,catherinewilcox@example.org,%Z4GbJsEz1,user,Software Engineer
8f50425d74be48d6bc9242a5,Jennifer Elliott,carolyn85@example.org,cXmHzRnM%1,user,Senior Software Engineer
ce905300de9f414697e60055,Tracy Nielsen,solisjeffrey@example.com,$07Qo*yY%h,user,Software Engineer
b5858e21b7654a22b275e2d1,Charles Smith,keith76@example.com,!AiDm*3_L9,trainer,Architect
97131810da0f434a8be39b5a,Alexis Watson,reyesvalerie@example.net,J5_7AlNTIM,user,Solutions Enabler
4672c642fd4c4249b11cb4bd,Dorothy Smith,qroberson@example.org,D@&2q+4g&O,user,Senior Software Engineer
5de34dbdabfa4fb4a3ed7f3d,Kelly Pope,andrew42@example.com,^7N0+rMT(r,user,Senior Software Engineer
e4d5d74b17504ea2b039d348,Melissa Lutz,carolineadkins@example.org,M)1QY*WvJ*,user,Solutions Enabler
da9506fc43fc410a8c720a75,Renee Kim,sholland@example.org,5!3meipvKG,user,Senior Software Engineer
7adbeed889284675bbe5aacb,Michael Gonzalez,rossguerrero@example.net,63UAeM#m#N,user,Solutions Enabler
f992515327f1437aa8b56acb,Miss Lauren Miranda,brianingram@example.net,5VvR7Kt^+y,user,Software Engineer
cc4196bff3ec4ae19bb9647b,Michael Dean,jamieperry@example.org,)%5GulJ9Kx,user,Software Engineer
c40b263c46fe483ebf0ee4d1,Jessica Oconnor,michael65@example.net,hqvN3QnxA$,user,Senior Software Engineer
3040e1122b2044d58f823392,Allen Brown,williamarnold@example.org,kere6zZv^b,user,Senior Software Engineer
02975573bbf0429183e6226f,Mr. Timothy Miller Jr.,stephensamber@example.com,)LYA1BRBc5,user,Senior Software Engineer
2f7c6ca171c4427a917c4c3e,James Wells,sarah45@example.net,I6ZOmDfK^3,user,Senior Software Engineer
dd54e11b931f40219b948783,Brittany Gonzalez,padillajason@example.net,g0JHY%uO+r,user,Solutions Enabler
31a35999a36a4957aac26fb0,Benjamin Jennings,fjones@example.com,b^0M#wiY@S,user,Software Engineer
01bb57a8dace4b9199182e7b,Michelle Lewis,lmcdonald@example.net,JJ%7KkZty),user,Solutions Enabler
9c54c4e2e066473789807994,Jonathan Larsen,codyhamilton@example.net,9PvE6_rA!*,user,Software Engineer
69c767295ef8400e9cbbdf43,Jonathan Sanchez,rachel14@example.org,0HAfPYUg^$,user,Senior Software Engineer
6b943a3fb24d451baf8e2b1a,Natalie Miller,bill54@example.net,mXI6#nBwG^,user,Software Engineer
5092385867f340f5877b673b,Andrea Morales,fraziergina@example.org,d_e6LH#dQN,user,Software Engineer
ec4d66e397c94e6a875bd5fa,Jill Stone,fwilliams@example.com,_JB5*3y46n,trainer,Principal Technology Architect
a80a5da6d9c24751a770fdf1,Karen Williams,along@example.net,Zux^l3Wtm#,user,Solutions Enabler
330929f36ced44f0883ed973,Janet Serrano,laurenhughes@example.net,Hz2UllJQz),user,Senior Software Engineer
d068457a6b034faaa5e9d330,William Jones,mcdonaldmitchell@example.com,)n!zyOaAC7,trainer,Principal Technology Architect
602b7a22f2aa4ac787fc2f35,Amanda Goodman,vanceruben@example.net,)DHcU%8uF7,trainer,Architect
760aca6ca5bc40b69e1d05e7,James Palmer,osbornescott@example.org,Cp5Pz(w8%),user,Senior Software Engineer
8179c381f7e04dd985420a55,Matthew Moreno,iblankenship@example.net,@00OZjp46J,user,Senior Software Engineer
80ceb47a79c542bb8853c559,Tristan Fernandez,stephanie57@example.net,+wbCQymXf7,trainer,Principal Technology Architect
63ed1db8a92247129ec57285,Paul Hammond,isabellamoran@example.com,7YvFGUls&F,user,Software Engineer
a1a06a94b0904889940757f5,Kelly Walker,benjamindebra@example.net,$rU1Uizv&S,user,Solutions Enabler
15311eb111f94dac93c6a0e2,Theresa Fletcher,jhinton@example.com,)ri2VdFhMs,user,Software Engineer
479e83d3e11f4ae187415a5d,Brandon Mcknight,jennifer61@example.org,qmOFr@^E@6,user,Solutions Enabler
b77f7da24501450d87153c54,Joshua Howard,emilyvargas@example.net,fg5J5I(c2*,user,Solutions Enabler
d76229a13978443b830933ee,Thomas Wells,jenniferwalker@example.org,))MZxUxk9m,user,Software Engineer
916a983c1d4a410c88d4d5a7,Susan Smith,shannonwallace@example.net,C)4w3Dwxgr,user,Software Engineer
5395c2a0eceb4c49ae6b9bfa,Shirley Miles,paul80@example.net,mYnde$PC^0,user,Solutions Enabler
c99969253d47452dab134260,Stephanie Perez,mckenzielee@example.net,@7#i%RDd$8,user,Software Engineer
dd4bb0fed4224e02ac95a819,Cynthia Juarez,scoleman@example.net,_*5KUBf@B^,trainer,Architect
805ae19e39c2476bbf19a67f,Tammy Castillo,anelson@example.org,&2BrBIEa$3,user,Software Engineer
ee4a245f53164cdda2d8b4f8,Pamela Vaughan,matthewtorres@example.org,l8H%RxGR$H,user,Software Engineer
607fdb6b5db74e7697b8bdf7,Kyle Kelley,stevenallen@example.org,(ms7M7bm2t,user,Software Engineer
6b404ff3b90d44cabe4d74a7,Darin Erickson,hoganmichael@example.net,ycD0eYpg%@,user,Solutions Enabler
187d44e4b989440cb868c10e,Paula Morse,walkerdaniel@example.net,I*6S(Lq7Qm,user,Solutions Enabler
36865a0ba6364cb5aa8c6eeb,James King,yking@example.org,Q!O0SpnMgm,user,Software Engineer
3f96da283bb340c8adece50f,Timothy Fuentes,susanwong@example.org,_INsqxxn&9,user,Software Engineer
57fd57ea1a7946569010ecfc,Kelli Bennett,tiffanywright@example.org,Zv(3VNcg%K,user,Solutions Enabler
4800644a3734414cb4fbd363,Katie Russell,clane@example.org,1^^a6ALz#V,user,Solutions Enabler
f058973fe0824c2c9f3c3698,Miranda Moore,megan31@example.net,_*3R4O9aH^,user,Solutions Enabler
d270b2bd301e461bb4be0ef6,Christopher Lee,daniellee@example.com,c5sMUAHr(C,user,Solutions Enabler
b8f170c0844041cd93b109d8,Daryl Stephens,klinealicia@example.org,3ZKBYdXa)0,trainer,Solutions Consultant
3ac949061e1b4f5dbfb37d87,Terri Morales,ksalazar@example.net,c7P7om2d)_,user,Solutions Enabler
38ca56f5d78143068c2c84d7,Aaron Walter,williamrodriguez@example.com,^Rph4PbhGA,user,Senior Software Engineer
c20dff5dedff4dfe9d59021a,Kelly Townsend,wthompson@example.org,oL5EOYhE%F,user,Software Engineer
de6c334a0f834feeb5c801b1,Wayne Williams,piercedavid@example.org,2^QO6&Zg&#,user,Software Engineer
6323b892e94f4625b8c1dec7,Michael Schmitt,nicholearcher@example.net,oa7AZIsd&!,user,Software Engineer
7b1d5197fc7d42f9bf2224ce,William Booth,martinkurt@example.net,t7z9W2Sw^#,user,Software Engineer
fe437953186c494fbcb56d55,Louis Davis,whitekara@example.net,+CipW#8uw5,user,Senior Software Engineer
4212b77d2cf841549e1a4ea1,Eric Reynolds,cparrish@example.com,@A9!L3Kp3H,trainer,Architect
e9bca4df65344366ad563937,Nathaniel Johnson,victoriachen@example.net,H6%2H&LyXl,trainer,Solutions Consultant
70cfa52e4fa64d0a838abefc,Marc Gilbert,cstokes@example.org,!Xl9R_u)Di,user,Solutions Enabler
b3b48905808a4f47bab34bd0,Elijah Meyers,sydney75@example.org,L854FswS)),user,Senior Software Engineer
c5c95bbb0a4f4650adc7fec9,Rhonda Miller,jeromedickson@example.net,U@AX6Xm%pG,trainer,Solutions Consultant
530b2ec7ded641e786a6e871,Heather Silva,matthewperez@example.net,_+G77VwMn3,user,Senior Software Engineer
cf55426b351d46ba87a94286,Stephen Smith,danielelliott@example.org,Kg%4C+MxcX,user,Solutions Enabler
1566d7e170b04aeb8a35b37a,Gina Davidson,rjones@example.com,@L$7DeLir4,user,Senior Software Engineer
725a004d38304041ab2c3552,Christopher Miller,omueller@example.org,&YVAOawj57,user,Senior Software Engineer
e289f67bc047449e9ffc930e,Caleb Wright,zachary80@example.com,#z86SxO*Rc,user,Senior Software Engineer
b053aff7b22a4b02a73f8d0f,Zachary Scott,jhale@example.net,*9B^U4ujFw,user,Software Engineer
d3130edd31004705aaedbac9,Lindsey Sanchez,elizabethyu@example.net,0qUb@oy@)i,user,Senior Software Engineer
19166f5485d2423aa329d11f,Amy Thomas,campbellcheryl@example.net,+#19rImwwh,user,Solutions Enabler
90d088d4ed224b37920ea4ad,George Owens,jefferyhale@example.org,o2SAzoe%+X,user,Senior Software Engineer
926354a99c4f41e7807b3b02,Joseph Galvan,emartin@example.com,_8(Cntto#O,user,Solutions Enabler
b658e953f7164cac9b747328,Heather Watson,scottjoshua@example.com,q)!7Spq_^k,user,Senior Software Engineer
98b2a571a8aa421bae59487f,Samuel Thompson,riley03@example.com,M(q17Tdlv&,user,Senior Software Engineer
0eb66954f70640d08bb9cae3,Leslie Holland,ahayes@example.net,(Z075CGcs7,trainer,Principal Technology Architect
f63f90243b514807bc993bce,Adam Underwood,epope@example.org,_v1Scd(n)k,user,Software Engineer
404d4ef1bd9945e6a78390df,Ebony Johnson,ginapeterson@example.org,vXGVekRg_3,user,Senior Software Engineer
a68d631de188413fadaa6fe0,David Bradley,bpatterson@example.net,!7Jx@l4E(y,user,Software Engineer
c05477e679994834b7f97296,Nicholas Moore,marquezjames@example.org,X+1!FV@mug,trainer,Principal Technology Architect
4082aed9888c4fcaa3ac36bc,Carrie Haley,robinsonmanuel@example.com,&hE$HLnH*2,user,Senior Software Engineer
2624981a6fc74af5b92c0e55,Mr. Brandon Richardson,gutierrezchristine@example.com,)10%E+MhI+,trainer,Solutions Consultant
9b8ca90e663944ab8575ea1f,Seth Zavala,fieldsbarbara@example.net,*dGljnc^o2,user,Software Engineer
ad90cef98e9c4fda8d5d5952,Jeffrey Conley,sharpdeanna@example.com,G*2TSdRwq),user,Senior Software Engineer
b680ebfd742d4cf48a6176b5,Rebecca Frost,gmorton@example.org,%cXu&4JbV5,user,Software Engineer
565b5f6bee0f4c7d9b80943e,Daniel Walker,kristenavery@example.org,KBuS9Et9$d,user,Software Engineer
261b5616a98f490c97008d5e,Vanessa Kemp,josepadilla@example.net,*TRBzq4ds8,user,Software Engineer
c9ba92a809924f2ab94055c6,Denise Wright,slevine@example.com,4o82LWej(k,user,Senior Software Engineer
3fb35569ab4145a7a72a3278,Madison Bailey,amyevans@example.com,^oedS5Nc4$,user,Software Engineer
060498bc28e44d3e96a85585,Gina Franklin,brandonsharp@example.net,@!v8vYNpuG,user,Solutions Enabler
657cf2f9ac444f348e1e88bc,Brandon Thomas,logan85@example.com,!9SMpGBT2g,user,Software Engineer
5d9466b3c36e4e82a1672311,Joel Jenkins,bellroger@example.net,)9Fqa5RrYz,user,Solutions Enabler
b82fee3beaf44fd59a00066d,Kenneth Howell,stephanie92@example.net,P)10n$Wnfk,user,Solutions Enabler
a393e6df56bc4aa4ac1da7bc,Albert Tran,lsanchez@example.net,+l)$E%kw0L,user,Solutions Enabler
17038d1b33fa44978ae8298b,Ashley Chandler,johntrujillo@example.net,ql2mMiWwG_,user,Software Engineer
1dbdde7a910c4751a80df6a9,Tiffany Hicks,flong@example.org,(hQO^Bmzp1,user,Software Engineer
0f6b2bd40c1b4e4e83666b9e,Kevin Simon,sarahgarcia@example.com,)j0YYl6mNR,user,Solutions Enabler
bb611a5c7b464f24adb6d6fd,Katelyn Sloan MD,emma19@example.org,d+9wMiowlU,trainer,Solutions Consultant
05f98b0c3ab14a9aaaa8a6e9,Melissa Clay,reynoldswilliam@example.org,@$!rHhc7L8,user,Solutions Enabler
a22060a5b7c442a8a4a16c0f,William Reyes,christinehuffman@example.com,MIm6UKtE)&,user,Senior Software Engineer
4a620d6863f347009cae2fb2,Ronald Hunter,brett92@example.org,&^8!Usx7Y2,user,Software Engineer
2fdfaba199474aae83ac40c9,Chelsey Vazquez,blakekarina@example.org,y$893^Jo$9,user,Solutions Enabler
d9bfe509afcd41bf866c76df,Tanya Good,william01@example.net,cEE^Cm(#@1,user,Software Engineer
bc73151061f34234bfd84745,Karen Mcgee,lauren82@example.com,ow_9V6Ki#U,user,Solutions Enabler
63809a5e5bcb425c8d584e34,Brenda Johnson,geraldcervantes@example.net,ld6PWhWt8),user,Software Engineer
4a4d5b677ca64e57833cfed6,Cameron Thompson,carterlauren@example.net,+ZgI0uwz*5,user,Senior Software Engineer
1d5e8b925cea45ebaa6219c9,Matthew Wagner,nathanwarner@example.org,3JpRaAgx$H,user,Software Engineer
3d23adce597342fc8f0ae289,Laura Buckley,plin@example.net,04#6MXVccx,user,Senior Software Engineer
d6bb42305715412696ceff7d,Zachary Garcia,courtney79@example.net,O%X^Tc1i#6,user,Solutions Enabler
7fa56f95a6434d26acc5da8b,Nicholas Lewis,tthompson@example.net,@qK4nPw*l0,trainer,Solutions Consultant
8a5b452c76ff43e0a5b82c05,Jonathan Phillips,warrenpatrick@example.net,$jh6*Ygb1V,user,Senior Software Engineer
99e0a17eef1f41aaadb1419e,Ashley Ayers,alexnewton@example.com,E3URVswl@g,user,Software Engineer
7847d4cd13d341b4b1eb8eae,Mary Coleman,richard55@example.net,4&3O7^#dY1,trainer,Principal Technology Architect
0a45ea66e81e40c5a57c1956,Elizabeth Roberts,pguzman@example.org,V4b6*#sP)O,user,Software Engineer
a4e5ed3226644f1d91237d22,Scott Alvarez,kevin57@example.com,!gQA70UjwN,user,Senior Software Engineer
a197176cb6924a75ac465b5b,Michael Mcdonald,georgeronald@example.com,1&_W2OaPka,trainer,Architect
d586146c582b4f249577aae9,Curtis Glass,vrowe@example.com,(w4AGd8nZf,user,Software Engineer
7776fa799bf443a09e6c1662,Paul Luna,robert83@example.net,I)CukJZY_1,user,Software Engineer
96603013b9b9488fb7abe07d,Cathy Hensley,diazvanessa@example.com,n8ojETza&e,user,Solutions Enabler
1b65e1a25bf64a28ad9720f2,Kelly Edwards,cgarza@example.net,&YKbb8Wo2(,user,Solutions Enabler
d704936e4e5d492281da5c5d,David Moore,rogersangela@example.net,o2l^d#R@+0,trainer,Principal Technology Architect
4b66327d27954bd09892a29d,Michele Walker,garyharris@example.net,*C1LEfV^$3,user,Senior Software Engineer
762b734b966044289d932c5c,Richard Guerrero,angela32@example.com,)lW^4Uxi)+,trainer,Architect
11fbb421b17544a0bfc7d8b7,Joshua Flores,pdorsey@example.com,!$9u@Ioc^u,user,Software Engineer
24f1c737179f452884f1531b,Brittany Simmons,xparker@example.org,pmCcngbk!9,user,Solutions Enabler
4fd4da8b355641c3be3ba0a5,Jonathan Carroll,pamelaharper@example.org,_5E(wkHM1e,user,Senior Software Engineer
9970a146d2a744c2a2e42683,Lawrence Dodson,wardalexandra@example.org,!&(9MURnIX,user,Solutions Enabler
03b677ec77bc4fb6ad1f1c68,Mr. Ethan Lewis,jaredwilson@example.net,$27NwG5v+1,user,Software Engineer
b35ae46fa420456ea01464d8,Jeff Chung,terry53@example.org,u&6BK#iuhY,user,Solutions Enabler
073ecba6f92940e9ae5cde19,Taylor Cox,johngreene@example.net,x9mU5BlF$i,user,Solutions Enabler
bcf2a85eb48c4af2af269308,Justin Johnson,vwalters@example.net,4*5yJxcFed,user,Software Engineer
275b66900ff9469288cff4a9,Amy Martin,hudsonmichele@example.net,&1Q4KGZqm5,user,Senior Software Engineer
8ffb551ee8044ddd836c63a8,Miguel Acevedo,bdavis@example.org,##f7QhLh$$,user,Senior Software Engineer
5835f98a1888442f87d23363,Shawn Dunn,oallen@example.org,h6mlsjNj$O,user,Software Engineer
9edbfa84ae7947df94b97e1a,Jason Espinoza,david97@example.org,V!MYKj^b(5,user,Senior Software Engineer
b79870ec9c4f4942840ecdc0,Dennis Brown,kimnicholas@example.com,+2NTY(aoYr,user,Senior Software Engineer
e501e5f096714985b0c3fd58,Jennifer Wilcox,jamesbrown@example.net,FL)4vSZjy!,user,Solutions Enabler
683dbfb68cf749aab2ce3613,Ashley Best,crystal42@example.com,bFK3UYAb@),user,Solutions Enabler
7478895e70014c2cb1f29e8e,Debbie Moreno,wcooper@example.com,%C9$Mn4Q#V,user,Senior Software Engineer
1365c2d775e84658addea98b,Teresa Myers,soliseddie@example.net,_^a1DKpM%i,user,Solutions Enabler
0954c98d09fc48d19d772e5e,Valerie Williamson,ericporter@example.com,Kn^3G)lpjl,user,Software Engineer
1d0d9fab80d645949ec214fb,Jennifer Williamson,crodriguez@example.net,h(Y^6Jy^3Z,user,Software Engineer
0c8476c15a9d419bae55ff52,Tracy Ferguson,ssanchez@example.com,%zzx2Tcsz%,user,Senior Software Engineer
0ad93b6515894662886ea396,Michael Hoover,christinapeterson@example.com,!9XTmFzrkl,trainer,Principal Technology Architect
4eee962dab974eeea9d148bf,Rachel Wright,lopezjoshua@example.org,Jh7OxF30S(,user,Solutions Enabler
3c50c0f8afcb49c99b9fcddc,Sarah Owen,icarson@example.net,Mk^Bt6Eg^7,user,Software Engineer
1c378998e6c1461d804c0d26,Brandon Salinas,peckann@example.com,Uo9e4eHCY*,user,Senior Software Engineer
a4d3549450d246b8b7f06bd8,Jon Cruz,nicholsashley@example.org,Se1IcgH)b^,user,Senior Software Engineer
478e30d369da45a498beaed8,Bruce Edwards,nicole68@example.org,!xM+Dr5v$9,user,Senior Software Engineer
07350bc7399c46bf94a52d4e,Connie Burke,rachel73@example.org,%#OC4(0w7b,user,Software Engineer
9d205899a293463e923de66b,Jason Allison DVM,oglover@example.com,cgb2Rs0kE&,user,Software Engineer
24303353a95347ee9314ca37,Tracy Mcgee,kingmark@example.org,)2MUXImoKS,user,Solutions Enabler
bf1c7cbfe34f478ab5638d8f,Terry Walker,zgolden@example.org,#4KVw4nv+j,trainer,Architect
21c0ec29f2574532a27e120a,Christopher Pratt,adamelliott@example.org,Ln9hTS3q(p,user,Solutions Enabler
d4a896e8bc6a454da2a1212f,Nancy Nolan,uwillis@example.com,)dQtuNE7*8,user,Software Engineer
cae173632e2e4a1b9d90898d,David Underwood,nkim@example.com,HH+5)ILsy&,user,Solutions Enabler
65aeb9dbd4324ee68e83ef32,Kristina Griffith,christyberry@example.org,F!9Hmj(Ac1,trainer,Principal Technology Architect
abed262211a74584b26d6278,Christopher Castillo DDS,christopher48@example.com,%4*9U#jkh9,user,Senior Software Engineer
397d3f5ebbe04368bab17deb,Anthony Davis,daniel03@example.com,lZ2DJalcq_,user,Senior Software Engineer
6b00ff119f2a4aebb5c403cb,Ann Ortega,melissayu@example.com,&05mFXYt**,user,Solutions Enabler
9297236f56c5499f94fce86e,Steven Rodriguez,jmclaughlin@example.com,&r3aWZEvx(,user,Senior Software Engineer
2048996396cc42a58dd55955,Kim Sanchez,jaclyn85@example.com,O*5ySRFoh#,user,Software Engineer
83cd1d4d7b4346df931d4611,Brian Long,donaldkirby@example.org,!6hSxbU0)x,user,Senior Software Engineer
082c4d5e6b5f4fe297c6ea93,Jessica Jones,david02@example.org,Kt()5U4wY4,user,Software Engineer
456720735d3e4157ad8089fa,Zachary Bennett,brownanthony@example.net,C01IQxp4&&,user,Solutions Enabler
00e6032e4a564b3e92c0752f,Alice Mckee,smassey@example.org,%mV6RJCp9z,user,Software Engineer
430c1d06bb6c49cc95a9715b,Jason Powell,angelareyes@example.org,$ZV0@!WgJi,user,Senior Software Engineer
00a1f38d582048f38543b6da,George Graves,sarakane@example.org,M_A9XlzM*h,user,Software Engineer
2e528cee6b8541649ceab436,Jennifer Johnston,snelson@example.net,_uRoHY%c)9,user,Senior Software Engineer
9f6b8703932b43f18049cbfd,Nicole Deleon,garzajames@example.org,*1e0ORSa@$,user,Software Engineer
2891bdf1f07542acb1778c21,Kayla Larson,buchananalbert@example.net,bc(dZGGn@7,user,Software Engineer
9bc7d2e42a9a4ba9ab132153,Mary Schmidt,qwilliams@example.com,(y^myEQ8&2,user,Solutions Enabler
6809ece3adad4b859a1a0480,Cody Trevino,maria50@example.com,!9E5aKyk8Y,user,Senior Software Engineer
7760af9997334879afc8ee43,Terri Smith,apatterson@example.net,5T*u87CnnZ,user,Software Engineer
41b79a86d26840d09d8862b1,Gene Miller,glenndavis@example.com,W+9E9$b!3S,user,Software Engineer
c677aae7ba094026b1524a6f,Miss Julie Lopez MD,andrea94@example.com,^&g44QqrfP,user,Senior Software Engineer
13ea55dd64da422e8b871046,Jenny Howard,jeffrey00@example.com,(j9Dwb7lzx,user,Senior Software Engineer
53667e0a565749f7a2476ab6,Jenna Williams,jacqueline13@example.net,LCL#^2WkpA,user,Senior Software Engineer
b88683c5cd9d42a8b206b656,Zachary Perry,johnsparks@example.org,88b98%So^g,trainer,Principal Technology Architect
a88931a0251d4d75827b50ef,Patrick Johnston,rmorrow@example.com,2%98O#w%0r,user,Senior Software Engineer
2f046d1be5f941d0a3887386,Cody Walker,qclark@example.org,zD5HDWrb^z,user,Senior Software Engineer
85477884619b422cbe433f37,Larry Mccoy,hawkinsrose@example.com,^ld7I#8z0q,user,Senior Software Engineer
673300b0b1344480b58454ca,Cameron Sanchez,woodcheyenne@example.net,9uTQMpgw__,user,Solutions Enabler
35efd60ce99d4871885ad268,Lisa Santos,vbrown@example.org,w^2NLKDlpT,user,Software Engineer
3197062905c24769823621b0,Christie Wells,gphelps@example.org,2zrQach+$V,user,Solutions Enabler
005cd66fee4f4a24a39f6d2a,Alexis Reynolds,jonathan99@example.com,$HJn4xD^b7,user,Solutions Enabler
4493fcfee91544a9908ca9bd,Sarah Goodman,casey60@example.net,rm3pCBUbu#,user,Software Engineer
b0f3f76d0b58436d855e0337,Lisa Curry,sheila65@example.net,9mgcAt&f*M,user,Solutions Enabler
21dd807edb5d4ac2a62dce45,Justin Murphy,stephanie05@example.org,zx$l)Tpv#8,user,Software Engineer
1bafffddedde4ed3a1ce27f3,Ana Patton,alexandra47@example.org,R45VMlobC#,user,Solutions Enabler
a92e5c88194540f7bc7062f0,Edward Montoya,michaeldavis@example.org,IOsJ9Wxqq+,user,Senior Software Engineer
f6c7a55f66414e98ba1c6422,Russell Garcia,icurry@example.net,khNBrx!3!1,user,Senior Software Engineer
9fac6adb7fb1415ab7212d5a,James Fox,taylorjill@example.net,r)2kTcUDcR,user,Solutions Enabler
3d49ec9db86143a9934ba847,Kimberly Mann,jonathan56@example.net,$Vd1Maxn@B,trainer,Principal Technology Architect
520b61ea03b245bfb2d80d48,Douglas Thomas,seanwagner@example.com,YzE7X#nU$c,user,Solutions Enabler
762bd2bc028142158b56bbc9,Susan Barker,markgriffith@example.com,ixg0fBwo5$,trainer,Architect
301f75af6a3140ebb4678900,Michael Conway,kennedyjared@example.net,h3CSb(GX@!,user,Solutions Enabler
d605967cef0c453597cbdee4,Brittany Solis,mcgeevictor@example.net,^ue_w4RdM%,user,Software Engineer
f9e920a9b55541fc99f84e63,Richard Hansen,paullucas@example.org,Z6Pf4!G&^R,user,Software Engineer
e20c045374a24c11b4a22c3b,James Howell DDS,craigtucker@example.com,l9!ULafI_k,user,Senior Software Engineer
72c6ae5664b94e6f849b4181,Christina Johnson,williamstyler@example.org,%m*B(2Nv*u,user,Solutions Enabler
fe08529111f64d74a7c88576,Donna Wilson,martin05@example.org,9AqBpJ9J%3,user,Solutions Enabler
895335b5fe3346a9a0affbfe,Cody Vance,sbailey@example.org,^gjCISHX6g,user,Software Engineer
ac330932ea9f418cb53a09a5,Christopher Diaz,tinacrane@example.net,!94p8W&b3u,user,Solutions Enabler
546a5976667d4a9ba774d14d,Jennifer Warner,valenciakenneth@example.net,2%R4P!Xrlb,user,Software Engineer
800f11afb70549ef8341c197,Frank George,davidmason@example.net,)NGdml*mo3,user,Software Engineer
a1e2a4ee22874e99abd2040a,Monique Barnes,josephlee@example.net,#oHrNSlWX4,user,Software Engineer
c0ed6df20c1b4ca9bd694738,Anthony Harris,rebecca40@example.org,ITG7V4g#)b,user,Software Engineer
70f4c6dbd00b4e1b9237b31e,Shannon Smith,tiffanypope@example.org,c(7La5qPE2,trainer,Principal Technology Architect
96056f175148454b943446c7,Richard Hayes,hromero@example.net,+6bC9Gss^!,user,Senior Software Engineer
c4ea3bbe5123457da1f12abc,Cathy Francis,cunninghamsherri@example.com,2E&Qx2I%#a,trainer,Solutions Consultant
3b129053e5e84322afa545d4,Katrina Fisher,margaretbenitez@example.org,#eN4dHaF2m,user,Solutions Enabler
0cdd833698dd4b1391bc8dc2,Patrick Lowery,robert36@example.net,_gIJLrVv58,user,Software Engineer
96a020eaec404e239c1ac267,Carol House,pateljon@example.net,I3nY6iOw$h,user,Software Engineer
e6b30b7f90734090848ce19c,Ronald Brown,zacharyhowe@example.net,H(9EOgQe#e,user,Senior Software Engineer
218063363201417f88f02d1f,Joy Palmer,jessica35@example.org,%0ScT&N*S3,user,Software Engineer
56031be6700f4dee82b89f12,Melanie Ross,lmooney@example.org,t%nd+6Fb2X,user,Senior Software Engineer
a1bc1415a69a45ba9886b1ad,Robert Johnson,cartercarrie@example.com,X*Gwx2Gr6y,user,Solutions Enabler
0622bd073e2647029c57f472,Patrick Herrera,david70@example.net,9i2lALbp+$,user,Software Engineer
81e46be5251f4d24b3788132,Carla Howell,mccarthykelly@example.net,s4Pzg0^a#P,user,Senior Software Engineer
e04a61f882fe4f549f8aa302,Brittney Sanders,zcooper@example.org,2pjAq*mp!5,user,Senior Software Engineer
bf847f14c40d4cb798f227ef,Anna Gonzalez,castillomark@example.com,oW)3Qq0N*F,user,Solutions Enabler
b0656e12a27142ce8b586265,Alexander Mata,gonzalezmatthew@example.com,U_0A7jxt2_,user,Solutions Enabler
79a706467549490986d0df17,Jennifer Lewis,donna57@example.com,eX+4Thj5#$,user,Software Engineer
24957a38f37740f5a739f268,Cody Rogers,rachelsutton@example.net,fXC*swmp#1,trainer,Principal Technology Architect
6f7632f94a314fd481bf3dc2,Wendy Thompson,gonzalezalexis@example.org,^sCCS6Giv1,user,Senior Software Engineer
29b476f9742544c1848d94e6,James Gordon,ashley63@example.org,q2cS2FNn7(,user,Senior Software Engineer
cea0782317d443cb9ad61e21,Brian Chavez,rodney16@example.net,Qu4WHmFr&w,user,Solutions Enabler
9579f0e84a8b4cbcbe6da6f5,Erin Diaz,anthonyjohnson@example.com,+9rJXr7xfR,trainer,Principal Technology Architect
3a93ea91aa2547c4bb5d39ea,Tammy Wade,nhill@example.net,_$M$!+zl33,user,Software Engineer
13a6c1318d6f4a4bbb79b794,Jeffery Collins,wilkinsmelissa@example.com,l8$H@vgg_a,user,Senior Software Engineer
61b86e3072104392939a9dfa,Randy Myers,austinandrew@example.com,+az!1Kg&%1,user,Senior Software Engineer
a9bd041558564f3eb0124ebd,Thomas Thompson,blackrobert@example.com,0#!86Bqlpy,user,Senior Software Engineer
a0385d671506449bb193a036,Gordon Kemp,hernandezerika@example.com,*4hI^W4l7y,trainer,Solutions Consultant
4fb1e6283bba4cc6872b2b35,Kenneth Kennedy,barrettwendy@example.com,e#1LFfCwMQ,trainer,Solutions Consultant
88dd970d201142cf813ba96a,Whitney Arnold,smithsusan@example.com,@21mNIzc@(,user,Solutions Enabler
41f281279e4546fab4356c76,Steven Martin,tonyasosa@example.org,Z&Px9U+B*w,user,Solutions Enabler
b4e224b2f2614e68b34f5cad,Sean Nichols,ydiaz@example.com,(4RL1ocA78,trainer,Solutions Consultant
354f91d8327a413a89a2a1b4,Elizabeth Avila,byoung@example.net,4rNkOc9C_9,user,Senior Software Engineer
ce127e23e9b14ffb836e9f66,Emily Jones,zmooney@example.com,&SXSXh+kp5,trainer,Architect
edeb975c50174ab2bfbdaac5,Caitlin Kelley,iyang@example.com,m20Tt%7b!b,user,Solutions Enabler
204d1d15e1794914882328d2,Denise Dean,hughesjessica@example.net,)801uKEbEQ,trainer,Solutions Consultant
8016c0f718f545aea5182adb,Annette Santos,tylerwilliams@example.net,G@699ZPs3w,user,Software Engineer
d6907b907f514c6286ac32d2,Robert Edwards,yolanda42@example.net,u%$5TA*rgH,user,Senior Software Engineer
4db857aac42946a48677b934,Felicia Brown,powersmelvin@example.com,HC3XjFFe*_,user,Solutions Enabler
e896a2cf53fe4fd982681ec8,Katherine Acosta,jasonnunez@example.net,I4UJsheq$V,user,Solutions Enabler
cc4bbb2865344ec78d903f2d,David Mcdonald,andersoneric@example.net,c+u78P21Vu,trainer,Solutions Consultant
4794711e03b94e6d87106e06,Randall Alvarado,swilliams@example.org,+5PgBIF%Fp,user,Solutions Enabler
8245f19a287c4c088a921ad7,Brent Lee,nguyenphillip@example.net,B*m8D2p!(8,user,Software Engineer
3f3cfe42fad7497cb7f26fd3,Elijah Harris,boothamanda@example.net,@2oQo7Lpxu,user,Software Engineer
6c54007a7c8b4056935522ab,Brandon Marks,randallyork@example.com,)mIta&Pko5,user,Software Engineer
1ecb8d6ad705469f81a35cf4,David Harris,vhernandez@example.org,!0EFptoz_Q,user,Senior Software Engineer
087af0d62bd142189df7cd5e,Randall Rich,jacquelinebuckley@example.com,7Mo90Bp2@K,user,Software Engineer
3dd3d9804b0e4eeead17b047,Stuart Villegas,cthompson@example.org,)4OnGYzc6X,user,Senior Software Engineer
c39c728e5dd34505a90ea8ee,Bethany Ellis,phill@example.com,2#2iEm6OME,user,Senior Software Engineer
7887349c437941cbad79ce44,Anna Rivera,jordanroy@example.net,1N7WNPqk($,user,Solutions Enabler
7cbbafd62d3c43acba3f5b16,Matthew Turner,erin50@example.net,W(_*0FzwOu,user,Software Engineer
d5d7c2aeafe5456c98b1c53e,Patrick Simpson,boothcatherine@example.org,g_3VmuwC2z,user,Senior Software Engineer
3a4286def829419596d17155,Mrs. Melissa Anderson,tracywolfe@example.org,)2qEBtPup5,user,Senior Software Engineer
563f80e87f97415889e1f4c9,Amy Cox MD,joyce20@example.org,*E(8y3Vu$q,user,Senior Software Engineer
99fde36a840a4f0ebd10f310,Melanie Hunt,christinawilliams@example.com,j9edZLa%^v,user,Solutions Enabler
e5736090d4fc41f5aa8a0d2c,Mr. Frank Lewis,christian70@example.org,@7LXfk0Hi0,user,Solutions Enabler
d8f2219786e44630824bfc84,Mark Grant,burkedanielle@example.org,X@2KFEb91c,trainer,Solutions Consultant
af4e6a4c81244ef8abe75fba,Jennifer Duncan,ryanblevins@example.net,tIb7eYVtu_,user,Software Engineer
7c05be02a0e445c0b0f6bf78,Veronica Martinez,ocarpenter@example.net,#1JT&ucSL+,user,Software Engineer
c6e53474d10f4c6b95eecb46,Paula Henry,shanewilkins@example.com,)0EmOfCg1E,user,Solutions Enabler
bf76d23fe4cf4a189d598acd,Caleb Schroeder,achristensen@example.net,a_7IqBcX6_,user,Software Engineer
aa9b479b216c4d14a44d161b,Brooke Singleton,glenn98@example.org,^SW18*D7r4,user,Senior Software Engineer
1792110555f443c6ad2eca2a,Aaron Black,susanfernandez@example.org,)W9rRWWsV^,user,Software Engineer
ea03bc6152d145d3a7b06b5a,Eddie Garcia,patrick85@example.org,J94VLXnK$^,user,Software Engineer
6d6f62a535da4e27b1fff38f,Guy Park,qsmith@example.com,e+k2To^J64,user,Software Engineer
757802b6eef844c8ae7cfd64,Joshua Torres,alexiswallace@example.com,Z$7YAlkqX$,user,Software Engineer
0455d71a09e443f2820d7d54,Nicole Wilson,staceyedwards@example.org,@9LT2Omyi5,user,Software Engineer
4d555a433c07434181cd585b,Matthew Bennett,jacksonsharon@example.net,^s#6yIkAj#,user,Solutions Enabler
0f618a32124e4ad0b76c0069,Eric Alvarado,joshuawalker@example.org,*3L(KPFb@c,user,Solutions Enabler
2b26309541424695a51a5c7b,Justin Johnson,whitneybowman@example.org,7lvgENrE$9,user,Solutions Enabler
0d77a9fc2e2f4b89b9a44564,Ricardo Anderson,jcook@example.com,shdVhJuj#5,trainer,Principal Technology Architect
f9cf9dd2ba6a4777ab741bc3,Gregory Hernandez,bjordan@example.com,%&yP)dzoQ5,user,Solutions Enabler
d89ced67119d4934819d7b01,Jason King,fitzgeraldbrandon@example.com,deOQH8MB$7,user,Software Engineer
c558792eae384c7d95ca8714,Timothy Hernandez,williamsashley@example.net,02tRwAD0&2,user,Software Engineer
70759330024741b99b0cfb95,Judy Perez,andersonedward@example.com,R3!7LkUv)*,user,Software Engineer
3a227b8d6cb344179edb30f0,Kellie Hood,smithstephen@example.net,xF3rBys*6#,trainer,Solutions Consultant
2b7d86aa0015425fbc68ad58,David Martinez,huntercarter@example.com,LGj4Bdh6&W,user,Solutions Enabler
5f651134e047421db35727c6,Michael Walters,heatherwilliams@example.org,+nHWy#rH0X,user,Senior Software Engineer
8d40981d2c0d409e8e174c28,Brooke Costa,garciateresa@example.net,&v1g5zbnZ0,trainer,Principal Technology Architect
3b28c82557494428bffc076c,Samuel Wood,dgomez@example.org,U9J772hh+(,user,Solutions Enabler
e325301e86c04168a652acce,Joanna Smith,garzadeborah@example.net,p*IKgAzd!7,user,Solutions Enabler
8652e7f3fc6e4facbc3f6ab1,Patrick Sims,michael24@example.net,&9)CwS#jvB,user,Software Engineer
27e85c1c7c19405083eac8a7,Peter Ramirez,odonnelljohn@example.org,HCS(5PXhpn,user,Software Engineer
d3a647b3b5724452bfc0e41e,Anthony Bradford,jonescurtis@example.net,7$R_2Qu8@U,trainer,Solutions Consultant
1725de81d9724a8688528e1b,Vanessa Bailey,andrewtaylor@example.org,#13DobgnIA,user,Solutions Enabler
40a353a2c12a4945b0fb5622,Richard Ellison,zcooper@example.org,+9YdZmCwmJ,user,Software Engineer
9f71b25a6d2748098f565b3d,Joshua Grant,tina37@example.com,@(23EWdmr+,user,Software Engineer
14712a52d6234f6587f79e00,Clayton Barton,dawnhernandez@example.org,fBqh4W(m(N,user,Senior Software Engineer
e163accf6329493c89fbdf7a,Denise Joseph,woodcindy@example.com,S%07bRIo#Z,user,Solutions Enabler
70bcb5df64b043ebaa3afdce,Melinda Payne,warnerkaren@example.net,E&2O3Yu@(n,user,Software Engineer
1c4f60df4173456ea9f10db6,Kelly Mcdowell,wilsonjoshua@example.org,(38K4Lz5_q,user,Solutions Enabler
c88ac1f83794418ca257a367,Carrie Mathis,gardnernicole@example.org,1Z$4U%uM(R,trainer,Architect
c92af573fc814dda9ca10e15,Rodney Gamble,newmancory@example.com,^0wBEdu(O&,user,Solutions Enabler
dae7b6b3b7924a24b46a9892,Matthew Robinson,gonzalezdennis@example.org,!nL9MnE_5s,user,Senior Software Engineer
8c8838fc9210443995095480,Edward Smith,zknight@example.com,O3*l1No@Fr,trainer,Solutions Consultant
fa059f248518421d9279b44c,Tammy Bowers,teresa01@example.net,^b2YGwvtF$,user,Senior Software Engineer
9fe3a1c817ab4c71849f5900,Christopher Barnes,sthompson@example.net,RWwrb5Gji@,user,Senior Software Engineer
64b9313595114caeaf76b358,Tiffany Powell,brandon18@example.org,mLFMdY$I$1,user,Solutions Enabler
7f37d677fd9546938b91ed89,Rachel Boone,leblancalexander@example.net,56D(beHm$_,trainer,Architect
93df97832f1e45c48b440539,James Dunn,ronaldhernandez@example.net,)EC@4OzzLd,user,Senior Software Engineer
da1992a0b9a3439bbc23fad3,Thomas Lindsey,robertfranklin@example.org,f$b6lMiM5Y,user,Software Engineer
4319a4645e674591bafe3d26,Tyler Daniels,karenvillegas@example.org,uV4R*UDq&!,user,Senior Software Engineer
ae4adf122c474f7aab629ee3,William Alvarez,christinefloyd@example.com,eMc6RYq4_y,trainer,Architect
e51d692a806240649cd4674c,Jenna Thomas,michael86@example.org,)51bQQ+z+X,user,Solutions Enabler
b825ed9c950042df88e3b1e4,Chelsea Bailey,priceerik@example.org,RX7SOPwLj_,user,Senior Software Engineer
695641dd927b4290afb3867e,Jessica Tanner DVM,george67@example.net,&39l^+Rz7m,trainer,Solutions Consultant
f837b7227cfe42fbad3fb250,Tina Chen DVM,lisaphillips@example.net,PdI4gwIa%I,trainer,Architect
c1c9a3ce904a41119d35e332,Heidi Price,tuckerjulia@example.net,PkLFz$tk(7,user,Software Engineer
fc2661b042f9475289072b20,Cameron Ellis,sarahhester@example.org,_ERwRVQlP8,user,Solutions Enabler
50f0012c56ef4941899ae5d5,Steve Benson,brandijohnston@example.net,)70EBBSta9,user,Software Engineer
190e3d90ba8a4085ad96c46c,Jason Boone,dorothyjones@example.com,%6tWQTpB8x,user,Software Engineer
e8c31757386d49c7b107f30e,Madison Dixon,longdevin@example.com,&r0Xu1b(*t,user,Senior Software Engineer
89a71269fff5439088a2ab96,Mark Jones,michael54@example.com,T$eZyLAZ)8,user,Solutions Enabler
9058ca90f56e40f28d5a0dd2,Anna Arias,christina26@example.net,f0y$yXDg+$,user,Software Engineer
48fefd35ee3a498e89cab6fe,Sara Le,webbwendy@example.com,)BKZxx^nd0,trainer,Principal Technology Architect
a0ef108fa54745d3b8634ed6,Sarah Smith,bassmary@example.net,1N2g&R#l#r,user,Software Engineer
6df14a8219624ae18fb0e319,Tyler Wade,dbradley@example.net,*osF9Ghr&1,user,Solutions Enabler
6d3a01ed447f4ecfa972a4fd,Kristen Aguilar,walter54@example.org,_OViTgeSz2,user,Senior Software Engineer
d68a1cee6bdc4a158dafdb30,Mrs. Kelly Williams,sarah95@example.net,*6MX^SCi+w,user,Senior Software Engineer
1b585ffa71fd4f28824ac0b3,Troy Dunlap,ithompson@example.com,Tr4OHzXXJ^,user,Software Engineer
29cdab50d4b041f7b4583609,Katie Davidson,michaelstanton@example.net,pU7Ebgz6$4,trainer,Principal Technology Architect
7939172d36fb4c6b93603efe,Mrs. Mary Johnson,droach@example.net,^%5Zl!w7(t,user,Solutions Enabler
70a2ac3dc33348379bd04583,Susan Lopez,esoto@example.com,#0O6P5IsXy,user,Solutions Enabler
632e2f3968424222a2b51faa,Timothy Clark,trevinomark@example.org,Vz44yXwx&u,user,Solutions Enabler
0b68c1ac6d0f495491b2e7cd,Ms. Kara Smith,xbartlett@example.com,#N&5Mw0R!P,trainer,Solutions Consultant
e62a5f1e48a44abebb3f8284,Harold Campbell,xgross@example.org,m^E0HXmdv!,user,Solutions Enabler
f53d1b99c0a74b07ad558041,Michelle Vasquez,kfoster@example.com,5noU2MhI$d,user,Senior Software Engineer
131fd95dae68472bb62aeb76,Elizabeth Higgins,harrisbrenda@example.com,m)5SYAKl1e,user,Software Engineer
436132ac20e44654b5bc7498,Tim Saunders,hillmichele@example.org,*5Q+97Jd$x,user,Senior Software Engineer
cc01ea2eec4744469f8e269f,Amanda Fernandez,olsonvictoria@example.com,)5pJYmmWPt,user,Senior Software Engineer
5fa760135b74425db3d50efd,Jacob Cantu,garcianicholas@example.net,UKDg6M+a^^,user,Solutions Enabler
b8f2c88507cc4b54ac437970,Jonathan Meyer,troy98@example.net,dfHr8Hpe^O,user,Software Engineer
2dfb2cd9f82f4456b3113291,Melissa Ross,mcdonaldmegan@example.org,%DVl8CbE+t,user,Senior Software Engineer
025b0e7841d14cc1bb62df7a,Daniel Griffin DVM,margaret51@example.net,EYL&50Bthr,user,Software Engineer
7536806c1653457c97a60480,Cassandra Ortega,sanchezkevin@example.com,H00Xigu#C+,trainer,Architect
a288df1b89b943009774ba00,James Cole,wwilliams@example.org,qo0KqkTr(%,user,Software Engineer
0b2112e9d76248bda9fa6b74,Alan Brown,dana87@example.com,GmfVAYaT)0,user,Solutions Enabler
ce3523a2a1ce4de8babbd7b1,Stephanie Scott,vincentherring@example.org,d%7yAA1jxN,user,Senior Software Engineer
ec553ac919884c7885ec0ea3,Carolyn Bennett,bpeterson@example.com,7!Qe^6Fd!X,user,Software Engineer
3e13bf051cdf49fe9eddb48e,Jeffrey Wallace DDS,maxallison@example.com,^3uQjm@om5,user,Solutions Enabler
1f5cd8f2e6d1426692301c4b,Courtney Massey,ryanjames@example.org,LDoVx%&v%2,user,Senior Software Engineer
92ab88047ab34295b0104f47,Anthony Haynes,kevinjackson@example.net,vUpt1SmyI@,user,Software Engineer
d63b24942f284a2999c9aa2a,Jill Munoz,melissapowers@example.com,61Ks+hrJ*^,trainer,Principal Technology Architect
a829ae54a34e4b4980865ebe,Cassandra Fuentes,baileydestiny@example.net,7R*P21ww*v,trainer,Architect
32cb8a19c5a84853babd2aec,Larry Lynn,eholmes@example.org,+2E2hOonrQ,user,Senior Software Engineer
efa4107a963c421ab8db1611,Rebecca Young,leebrian@example.com,(#%@EBqU4a,user,Software Engineer
e326ae3afe9941528180a783,Arthur Stewart,pgutierrez@example.net,#58bAa6TEU,user,Software Engineer
a359e62e00a74bf4b55f01c1,Jeremy Rojas,lavila@example.com,fdACWeqd)3,user,Senior Software Engineer
dfbaf857e8dd4d47a6eb0bd2,Tina Rogers,gomezjoseph@example.net,ual4XwpwK!,user,Software Engineer
6c12e0ee4ddc4173b7431a05,Jeffrey Kramer,michaelmack@example.net,i20PQQ+r!8,user,Senior Software Engineer
07c9841f1c524558953e0985,Steve Lopez,robert58@example.com,)4Y!AWstSy,trainer,Architect
cdab8edf81c146cabcf04bc7,Nicole Hamilton,jose55@example.com,@WaZk98C(2,user,Software Engineer
a277ace9f60c440fb1fbce47,Claire Bradley,fwatson@example.org,h#n8LuVp4S,user,Senior Software Engineer
2c3ee5dcf71f4354bb8f9635,Jeffrey Benson,davidmoon@example.org,e9dRGVGe&3,user,Software Engineer
c1e2fb5ac36c4ab4bcd56a16,Hannah Gomez,walshjason@example.org,(X%J3pCyh3,user,Solutions Enabler
fe04cc9f51084a029e3a4bfa,Kathryn Jackson,shawscott@example.org,&1V@XxgEdg,trainer,Solutions Consultant
893d230cceb74837ada2926a,Casey Black,anthonydanielle@example.com,%1gjtmTQlv,user,Solutions Enabler
7ea2ea2587774c8e93f78b39,Chelsea Carlson,dylanevans@example.net,00CfFrH+_7,trainer,Architect
929b42a04bd54e12975866a3,Kevin Porter,hernandezapril@example.org,cz*4MVgsim,user,Software Engineer
b8989fcaa2f54c82ac9fd725,Sandy Fowler,nicholas27@example.net,^V4LnDwVqD,user,Software Engineer
6bac4f0e1ed9479e97ebe57e,Heather Chapman,hughesrobert@example.com,+9riUuvrYV,user,Software Engineer
0cac400f54d849dcbfcf2b63,Collin Friedman,sanfordpaige@example.org,$3^v!nM%fL,user,Software Engineer
895bcafdd9914f958dba727d,Brandi Oliver,lbrown@example.org,_+e0l8Dt33,user,Solutions Enabler
0de3c4290c4349c5ba9ae026,Kelly Chandler,ecole@example.com,L7mSdVbr$^,user,Solutions Enabler
6b75ef0fa24f413b9be5ccc2,Joshua Clark,rachel15@example.org,USrL1fUg(T,user,Senior Software Engineer
77d5d0bc90d944e5b230c75e,Matthew Hall,thompsonkyle@example.net,&0iQai7vPZ,user,Solutions Enabler
a7646fc5cff04200b6283d8f,Jordan Wilson,davislorraine@example.net,_uSl7FhVEo,user,Solutions Enabler
27a6de5bbebd4e649127413a,Robert Carter,edwardswilliam@example.com,A9$8@Cm#P8,user,Software Engineer
5c8b10db369a4240992dea8c,Douglas Crawford,latasha98@example.org,I4CczCzf#M,user,Software Engineer
81e714f083f44b91afb3ec57,Jorge Pena,john38@example.com,p$^&79XofZ,user,Software Engineer
1241114a25a74fd293beafa6,James Taylor,fduncan@example.com,#oMSDWnm2Y,trainer,Solutions Consultant
7b4d5314d620495e9c65a1c1,Louis Simmons,shawnhernandez@example.com,1mzO(FHF)y,trainer,Principal Technology Architect
6670d6bd73814a75b414d2f7,Angela Edwards,michellewilkinson@example.net,_OW3+ClAEo,user,Senior Software Engineer
99acc25209594b1aa79d3f9c,Sarah Rogers,smithadriana@example.com,tuPz4riw^7,user,Solutions Enabler
32b9662f6601491e8ba6c1f0,Kyle Avery,fergusonanthony@example.net,O*isUfqR*9,user,Software Engineer
2a64876f0100448e81354bb0,Michael Hughes,irwineric@example.net,!xU3cXu8yx,trainer,Architect
6207b83162ac424e80bb6582,Jordan Doyle,zdavis@example.net,+^J0K8nyCy,user,Software Engineer
db4e46f400fc42de970ac105,Julie Garcia,yuedward@example.org,!!8cLx+A(0,user,Software Engineer
b225f3c0a24041499f4a12e5,Lori Romero,rmorales@example.net,X!8Eakyu5q,trainer,Principal Technology Architect
7edf17e3309e43e3813079d7,April Brown,vernon39@example.com,f41KEM@pP@,trainer,Solutions Consultant
ac236ad036ce49b7a93ab6e9,Todd Kennedy,ramirezpaul@example.com,tbV5XH&$($,user,Solutions Enabler
8df3f6ad1cf94aa2968d7602,Amy Brown,ljohnson@example.org,Zg3$1Ef9)g,user,Solutions Enabler
302ed184e23348a08edb67c3,Edward Stewart,dicksonsarah@example.net,*1MYsuhA_Q,user,Software Engineer
3fbf11a3aef14093bec15800,Christopher Young,cgallegos@example.com,656Eawbl!H,user,Solutions Enabler
6d56ac60646c4a0d845c781d,Kimberly Hall,dandrews@example.org,$1ZMwsbhkD,trainer,Architect
26cdc5e051ff4868b3631533,Michael Davis,erinbrooks@example.net,K_0W2+Yrdn,user,Senior Software Engineer
bb26b77220f64210b34f32ee,Scott Noble MD,davidbooth@example.net,P@T2C1lgfV,user,Senior Software Engineer
64a0888a915b405d8d24a757,Tyler Miranda,kurtramirez@example.net,4cIf^6B%7&,user,Software Engineer
