training_code,trainer_username,participant_username,participant_hackerRankScore,participant_performance,participant_assessmentScore,participant_communication,Max_Marks[10]
UI-099,Thomas Matthews,Eric Alvarado,10,7,8,6,7.75
UI-099,Thomas Matthews,Misty Hahn,7,5,7,9,7.0
UI-099,Thomas Matthews,Maurice Hicks,9,6,5,7,6.75
UI-099,Thomas Matthews,Billy Herman,6,2,7,1,4.0
UI-099,Thomas Matthews,Sheri Chaney,2,7,6,1,4.0
UI-093,Christine Marshall,William Horton,8,8,7,3,6.5
UI-093,Christine Marshall,Jade Wood,8,2,6,9,6.25
UI-093,Christine Marshall,Charles Dean,9,9,2,4,6.0
UI-093,Christine Marshall,David Simmons,5,8,7,3,5.75
UI-093,Christine Marshall,Sean Gonzales,5,1,8,8,5.5
UI-087,Mark Jenkins,Joseph Hahn,9,7,8,8,8.0
UI-087,Mark Jenkins,Max Green,8,6,10,7,7.75
UI-087,Mark Jenkins,Connie Burke,9,9,5,4,6.75
UI-087,Mark Jenkins,Jennifer Johnston,1,8,6,10,6.25
UI-087,Mark Jenkins,Carl Cross,5,8,7,2,5.5
UI-079,Steve Lopez,Bruce Cuevas,9,9,4,8,7.5
UI-079,Steve Lopez,Adam Vasquez,10,3,4,10,6.75
UI-079,Steve Lopez,Jennifer Wilcox,4,10,5,7,6.5
UI-079,Steve Lopez,Jared Lee,10,9,3,4,6.5
UI-079,Steve Lopez,Cameron Ellis,3,6,9,8,6.5
UI-077,Kelly Rodriguez Jr.,Mrs. Melissa Anderson,8,10,6,9,8.25
UI-077,Kelly Rodriguez Jr.,Oscar Gibson,8,7,7,9,7.75
UI-077,Kelly Rodriguez Jr.,Whitney Hicks,6,9,5,8,7.0
UI-077,Kelly Rodriguez Jr.,Lisa Curry,7,8,9,1,6.25
UI-077,Kelly Rodriguez Jr.,Alexis Reynolds,9,9,2,4,6.0
UI-076,April Brown,Michael Dean,5,8,8,10,7.75
UI-076,April Brown,Hannah Cunningham MD,9,7,5,3,6.0
UI-076,April Brown,John Lewis,9,3,3,9,6.0
UI-076,April Brown,Sarah Rogers,3,5,8,7,5.75
UI-076,April Brown,Brittany Martin,9,1,4,8,5.5
UI-074,Kevin Stewart,Sean Gonzales,7,6,9,10,8.0
UI-074,Kevin Stewart,Mr. Frank Lewis,7,7,7,9,7.5
UI-074,Kevin Stewart,Joseph Galvan,4,8,7,10,7.25
UI-074,Kevin Stewart,Susan Lopez,9,6,8,4,6.75
UI-074,Kevin Stewart,Aaron Black,5,7,4,8,6.0
UI-065,Steven Estes,Matthew Robinson,7,10,9,5,7.75
UI-065,Steven Estes,Vanessa Garcia,7,5,7,10,7.25
UI-065,Steven Estes,Carol House,4,9,9,6,7.0
UI-065,Steven Estes,Nathan Thompson,3,7,7,6,5.75
UI-065,Steven Estes,Christopher Hayes,4,5,9,4,5.5
UI-058,David Flores,Bobby Steele,4,8,4,8,6.0
UI-058,David Flores,Cameron Thompson,8,8,5,2,5.75
UI-058,David Flores,Albert Tran,9,4,9,0,5.5
UI-058,David Flores,Justin Johnson,1,9,8,1,4.75
UI-058,David Flores,Joshua Torres,6,6,6,1,4.75
UI-055,Charles Smith,Alexis Watson,10,8,3,10,7.75
UI-055,Charles Smith,Maurice Hicks,8,7,4,8,6.75
UI-055,Charles Smith,Joseph Gregory,8,10,3,4,6.25
UI-055,Charles Smith,Jonathan Carroll,7,5,8,3,5.75
UI-055,Charles Smith,Jason Espinoza,5,2,8,6,5.25
UI-050,Edward Smith,Joseph Hahn,10,10,10,8,9.5
UI-050,Edward Smith,Michael Bolton,8,7,7,7,7.25
UI-050,Edward Smith,Alexis Watson,8,4,9,8,7.25
UI-050,Edward Smith,Brandon Campbell,6,6,4,10,6.5
UI-050,Edward Smith,Sandra Collins,9,6,1,8,6.0
UI-049,Brandy Bullock,Michael King,8,9,8,7,8.0
UI-049,Brandy Bullock,Anna Decker,9,7,6,9,7.75
UI-049,Brandy Bullock,Scott Williams,8,8,5,8,7.25
UI-049,Brandy Bullock,Matthew Wagner,5,10,5,8,7.0
UI-049,Brandy Bullock,David Simmons,1,10,9,8,7.0
UI-039,Leslie Holland,Mike Nunez,3,7,10,7,6.75
UI-039,Leslie Holland,Jennifer Odonnell,10,1,7,9,6.75
UI-039,Leslie Holland,Timothy Fuentes,7,7,3,9,6.5
UI-039,Leslie Holland,Andrea Gutierrez,8,3,9,4,6.0
UI-039,Leslie Holland,Bobby Steele,6,7,5,5,5.75
UI-036,Jeremy Medina,Randall Rich,2,10,8,2,5.5
UI-036,Jeremy Medina,Samantha Horton,9,7,1,5,5.5
UI-036,Jeremy Medina,Brandon Thomas,6,4,0,9,4.75
UI-036,Jeremy Medina,Jason King,7,2,2,8,4.75
UI-036,Jeremy Medina,Keith Herrera,2,5,3,8,4.5
UI-024,Cathy Francis,James Gordon,8,10,9,8,8.75
UI-024,Cathy Francis,Michael Walters,9,9,8,9,8.75
UI-024,Cathy Francis,Sara Scott,8,6,9,10,8.25
UI-024,Cathy Francis,Daniel Hernandez,9,9,3,8,7.25
UI-024,Cathy Francis,Justin Murphy,7,10,7,1,6.25
UI-015,Jeremy Medina,Christina Reeves,8,10,9,9,9.0
UI-015,Jeremy Medina,James Wells,9,9,0,9,6.75
UI-015,Jeremy Medina,Patricia Johnson,4,8,9,3,6.0
UI-015,Jeremy Medina,Russell Garcia,1,10,7,5,5.75
UI-015,Jeremy Medina,Robert Edwards,3,8,5,7,5.75
UI-010,Renee Smith,Vincent Johnson,7,5,8,5,6.25
UI-010,Renee Smith,Paul Mitchell,2,5,10,6,5.75
UI-010,Renee Smith,Julie Medina,4,6,2,10,5.5
UI-010,Renee Smith,Vanessa Charles,4,7,3,8,5.5
UI-010,Renee Smith,Rachel Wright,1,9,1,9,5.0
UI-005,Lori Romero,Madison Dixon,5,8,7,7,6.75
UI-005,Lori Romero,Christopher Barnes,2,4,6,10,5.5
UI-005,Lori Romero,Brandon Thomas,4,5,6,6,5.25
UI-005,Lori Romero,Brittany Fitzgerald,1,6,10,1,4.5
UI-005,Lori Romero,Katrina Fisher,3,4,1,9,4.25
ST-094,Debra Martinez,Stephen Powell,8,2,9,7,6.5
ST-094,Debra Martinez,Shawn Dunn,7,7,2,7,5.75
ST-094,Debra Martinez,Mr. Timothy Miller Jr.,7,6,6,4,5.75
ST-094,Debra Martinez,Michael Williamson,7,8,0,7,5.5
ST-094,Debra Martinez,Timothy Clark,8,0,9,4,5.25
ST-091,David Flores,Misty Hahn,7,8,9,10,8.5
ST-091,David Flores,Jeffrey Benson,9,6,7,8,7.5
ST-091,David Flores,Paula Henry,6,5,8,10,7.25
ST-091,David Flores,Chelsea Bailey,7,8,4,10,7.25
ST-091,David Flores,Jeffrey Kramer,9,6,6,5,6.5
ST-090,Charles Smith,Mark Brown,9,5,7,9,7.5
ST-090,Charles Smith,Christie Wells,8,9,6,1,6.0
ST-090,Charles Smith,Jacob Cantu,4,1,8,9,5.5
ST-090,Charles Smith,Jessica Perez,5,4,9,2,5.0
ST-090,Charles Smith,John Jones,2,5,6,7,5.0
ST-085,Jesus Carter,Jeffery Collins,6,10,10,9,8.75
ST-085,Jesus Carter,Sonya Lane,8,2,9,9,7.0
ST-085,Jesus Carter,Christopher Castillo DDS,5,7,7,7,6.5
ST-085,Jesus Carter,Laura Cole,0,5,9,9,5.75
ST-085,Jesus Carter,Ronald Valdez,7,7,5,1,5.0
ST-081,Reginald Smith,Kevin Farmer,4,9,6,6,6.25
ST-081,Reginald Smith,Ryan Jones,5,0,8,9,5.5
ST-081,Reginald Smith,Shane Li,3,7,4,8,5.5
ST-081,Reginald Smith,Andrea Morales,5,3,7,6,5.25
ST-081,Reginald Smith,Joseph Olsen,5,4,4,7,5.0
ST-072,Paul Andersen,Timothy Hernandez,9,6,9,7,7.75
ST-072,Paul Andersen,Richard Hayes,10,7,10,1,7.0
ST-072,Paul Andersen,Robert Edwards,9,5,7,7,7.0
ST-072,Paul Andersen,Stephanie Perez,7,4,9,7,6.75
ST-072,Paul Andersen,Jeffrey Collins,4,9,10,4,6.75
ST-070,Elizabeth Blake MD,Michael Kramer,6,9,8,10,8.25
ST-070,Elizabeth Blake MD,Ryan Stevens,9,9,6,9,8.25
ST-070,Elizabeth Blake MD,Kelly Thompson DDS,8,10,3,9,7.5
ST-070,Elizabeth Blake MD,John Sanchez,5,5,10,8,7.0
ST-070,Elizabeth Blake MD,Jenna Thomas,4,7,9,5,6.25
ST-059,Brooke Costa,Allen Brown,5,10,8,0,5.75
ST-052,James Taylor,Jennifer Johnston,10,7,10,7,8.5
ST-052,James Taylor,Daniel Tapia,7,10,7,8,8.0
ST-052,James Taylor,Calvin Newman,9,9,6,8,8.0
ST-052,James Taylor,Marie Rodriguez PhD,5,8,9,7,7.25
ST-052,James Taylor,Kathleen Fuentes,7,8,5,9,7.25
ST-046,Renee Smith,Kelly Mcdowell,9,7,9,8,8.25
ST-046,Renee Smith,Larry Lynn,10,6,7,9,8.0
ST-046,Renee Smith,Heidi Price,9,7,6,8,7.5
ST-046,Renee Smith,Kelli Bennett,6,8,7,8,7.25
ST-046,Renee Smith,William Reyes,9,6,7,6,7.0
ST-043,Ms. Kara Smith,Sarah Smith,8,8,1,7,6.0
ST-043,Ms. Kara Smith,Shirley Miles,7,7,4,3,5.25
ST-043,Ms. Kara Smith,Brandon Mcknight,7,2,3,6,4.5
ST-043,Ms. Kara Smith,Claire Bradley,3,6,5,4,4.5
ST-043,Ms. Kara Smith,Nathan Hernandez,0,3,6,7,4.0
ST-038,Joan Armstrong,Mrs. Melissa Anderson,10,9,6,2,6.75
ST-038,Joan Armstrong,Michael Mack,10,4,3,9,6.5
ST-038,Joan Armstrong,Heather Watson,8,8,2,7,6.25
ST-038,Joan Armstrong,Wendy Thompson,6,5,8,3,5.5
ST-038,Joan Armstrong,Jason Myers,2,6,5,6,4.75
ST-031,David Flores,Adam Vasquez,4,5,9,9,6.75
ST-031,David Flores,Lori Taylor,5,8,5,9,6.75
ST-031,David Flores,Ashley Chandler,7,6,5,8,6.5
ST-031,David Flores,Kelly Chandler,9,10,2,4,6.25
ST-031,David Flores,Nicole Brandt,3,8,9,3,5.75
ST-027,Kevin Holt,Alexander Ward,10,9,7,6,8.0
ST-027,Kevin Holt,Aaron Martinez,10,7,7,7,7.75
ST-027,Kevin Holt,Victoria Kemp,10,5,7,7,7.25
ST-027,Kevin Holt,Geoffrey Mullen,10,3,6,9,7.0
ST-027,Kevin Holt,Michelle Soto,4,7,7,8,6.5
ST-023,Leslie Holland,Matthew Boyd,6,9,3,9,6.75
ST-023,Leslie Holland,Robert Olson,10,1,10,5,6.5
ST-023,Leslie Holland,Jonathan Sanchez,7,9,3,6,6.25
ST-023,Leslie Holland,Laura Cole,5,7,4,7,5.75
ST-023,Leslie Holland,Brian Zamora,1,9,5,7,5.5
ST-022,Cassandra Ortega,Seth Coffey PhD,5,10,8,7,7.5
ST-022,Cassandra Ortega,Darin Erickson,7,9,7,4,6.75
ST-022,Cassandra Ortega,Maria Myers,9,5,8,3,6.25
ST-022,Cassandra Ortega,Tyler Miranda,7,9,7,2,6.25
ST-022,Cassandra Ortega,Peter Moyer,6,2,7,9,6.0
ST-014,Alyssa Gibson,Wesley Williams,9,9,4,7,7.25
ST-014,Alyssa Gibson,Matthew Campbell,10,9,6,3,7.0
ST-014,Alyssa Gibson,George Graves,9,8,6,5,7.0
ST-014,Alyssa Gibson,Michele Walker,8,7,10,3,7.0
ST-014,Alyssa Gibson,Penny Gomez,9,7,5,6,6.75
ST-013,Peter Rowland,Whitney Arnold,9,6,5,10,7.5
ST-013,Peter Rowland,James Howell DDS,10,3,8,7,7.0
ST-013,Peter Rowland,Jennifer Valdez,9,7,3,4,5.75
ST-013,Peter Rowland,David Haynes,2,7,7,7,5.75
ST-013,Peter Rowland,Nicole Brandt,3,8,8,3,5.5
ST-008,Marc Martinez,Stephen Smith,5,8,10,8,7.75
ST-008,Marc Martinez,Hannah Wright,2,8,10,10,7.5
ST-008,Marc Martinez,Alexis Watson,5,7,7,8,6.75
ST-008,Marc Martinez,Michelle Johnson,8,9,3,6,6.5
ST-008,Marc Martinez,Bradley Jimenez,5,6,9,4,6.0
ST-007,Teresa Bentley,Christopher Barnes,8,9,2,10,7.25
ST-007,Teresa Bentley,Jessica Fisher,4,9,4,2,4.75
ST-004,George Hill,Jessica Perez,6,10,5,7,7.0
ST-004,George Hill,William Reyes,9,10,2,7,7.0
ST-004,George Hill,Courtney Massey,5,10,4,8,6.75
ST-004,George Hill,Teresa Myers,6,3,10,6,6.25
ST-004,George Hill,Laura Daniels,3,9,8,5,6.25
ST-003,Elizabeth Green,Shirley Miles,10,8,5,5,7.0
ST-003,Elizabeth Green,Darrell Parker,10,4,5,9,7.0
ST-003,Elizabeth Green,Nicole Deleon,7,8,6,6,6.75
ST-003,Elizabeth Green,Manuel Lam,7,4,8,6,6.25
ST-003,Elizabeth Green,Ronald Brown,5,8,3,7,5.75
ST-002,Brooke Costa,Richard Hansen,1,8,10,9,7.0
ST-002,Brooke Costa,Joshua Grant,9,9,8,1,6.75
ST-002,Brooke Costa,Edward Wood,7,4,4,3,4.5
FS-100,Nicholas Lewis,George Nolan,9,8,6,5,7.0
FS-100,Nicholas Lewis,Nancy Huff,9,5,6,6,6.5
FS-100,Nicholas Lewis,Vanessa Charles,0,6,9,10,6.25
FS-100,Nicholas Lewis,Donald Sweeney,1,10,8,6,6.25
FS-100,Nicholas Lewis,Jeffrey Shea,8,6,4,6,6.0
FS-095,Emily Mckay,Amanda Jackson,8,8,8,8,8.0
FS-095,Emily Mckay,Ashley Oneill,9,7,7,7,7.5
FS-095,Emily Mckay,James Rodriguez,8,6,9,7,7.5
FS-095,Emily Mckay,Jane Cooper,8,5,8,8,7.25
FS-095,Emily Mckay,Justin Murphy,9,0,10,7,6.5
FS-088,Thomas Howe,Michael Jacobson,2,7,9,7,6.25
FS-088,Thomas Howe,Michael Conway,8,9,6,2,6.25
FS-088,Thomas Howe,Ronald Ellis,3,8,5,7,5.75
FS-088,Thomas Howe,Bonnie Lewis,8,6,0,4,4.5
FS-088,Thomas Howe,Amanda Cole,7,6,2,3,4.5
FS-078,George Benjamin,Timothy Lewis,8,9,9,3,7.25
FS-078,George Benjamin,Ana Patton,7,8,7,4,6.5
FS-078,George Benjamin,Bethany Ellis,4,4,8,8,6.0
FS-078,George Benjamin,Amy Thomas,9,3,2,9,5.75
FS-078,George Benjamin,Jesus Livingston,4,6,3,8,5.25
FS-071,Mark Jenkins,Laura Jones,2,0,3,7,3.0
FS-068,Cassandra Fuentes,Sandra Collins,4,9,9,5,6.75
FS-068,Cassandra Fuentes,Jeffrey Kramer,9,8,3,5,6.25
FS-068,Cassandra Fuentes,Brittney Sanders,8,5,6,4,5.75
FS-068,Cassandra Fuentes,Julie Medina,9,5,4,4,5.5
FS-068,Cassandra Fuentes,Justin Johnson,9,2,6,4,5.25
FS-067,Ronald Tanner,Miss Lauren Miranda,7,6,9,2,6.0
FS-067,Ronald Tanner,Keith Hicks,2,10,9,2,5.75
FS-067,Ronald Tanner,Mrs. Kelly Williams,5,7,5,6,5.75
FS-067,Ronald Tanner,Brittany Fitzgerald,6,9,3,4,5.5
FS-067,Ronald Tanner,Nicole Wilson,1,7,6,8,5.5
FS-066,Jared Ortiz,Janice Garza,7,9,6,8,7.5
FS-066,Jared Ortiz,Andrew Robinson,9,7,8,6,7.5
FS-066,Jared Ortiz,Jacob Lewis,9,7,7,5,7.0
FS-066,Jared Ortiz,Jason Jackson,1,9,9,8,6.75
FS-066,Jared Ortiz,Jonathan Brock,4,9,5,9,6.75
FS-062,Megan Simpson,Kim Sanchez,10,6,9,9,8.5
FS-062,Megan Simpson,Joseph Gregory,5,8,8,9,7.5
FS-062,Megan Simpson,Ashley Chandler,6,10,5,8,7.25
FS-062,Megan Simpson,Emma Banks,7,9,6,6,7.0
FS-062,Megan Simpson,Hannah Gomez,9,9,4,4,6.5
FS-061,Megan Simpson,Daniel Hernandez,10,7,9,10,9.0
FS-061,Megan Simpson,Joseph Dennis,4,7,5,5,5.25
FS-061,Megan Simpson,Kyle Brown,2,4,5,9,5.0
FS-061,Megan Simpson,David Moore,0,4,8,7,4.75
FS-061,Megan Simpson,Julie Medina,6,6,2,4,4.5
FS-051,Jared Ortiz,Michelle Faulkner,6,7,6,7,6.5
FS-051,Jared Ortiz,Jason Allison DVM,9,9,7,0,6.25
FS-051,Jared Ortiz,Monique Barnes,3,6,9,5,5.75
FS-051,Jared Ortiz,Lauren Mercer,5,4,9,2,5.0
FS-051,Jared Ortiz,Renee Johnson,2,2,5,5,3.5
FS-047,Lisa Jackson,Heather Chapman,6,4,8,9,6.75
FS-047,Lisa Jackson,Geoffrey Mullen,10,2,4,1,4.25
FS-047,Lisa Jackson,Mary Wilson,5,3,4,5,4.25
FS-047,Lisa Jackson,Paul Mitchell,4,0,3,8,3.75
FS-047,Lisa Jackson,Lisa Curry,0,7,3,4,3.5
FS-045,Sheena Maxwell,Maria Knight,7,4,7,8,6.5
FS-045,Sheena Maxwell,Brittany Simmons,9,8,3,5,6.25
FS-045,Sheena Maxwell,Taylor Cox,4,9,1,10,6.0
FS-045,Sheena Maxwell,Holly Todd,10,0,5,9,6.0
FS-045,Sheena Maxwell,Jonathan Gordon,8,7,2,5,5.5
FS-044,Jonathan Stone,Andrea Morales,1,3,10,1,3.75
FS-042,Cassandra Fuentes,Matthew Boyd,4,9,5,10,7.0
FS-042,Cassandra Fuentes,Randy Myers,6,9,6,7,7.0
FS-042,Cassandra Fuentes,Emily Edwards,8,5,8,6,6.75
FS-042,Cassandra Fuentes,Michael Garcia,2,7,7,10,6.5
FS-042,Cassandra Fuentes,Joshua Clark,3,10,9,4,6.5
FS-041,Roberto Daniel,Amanda Matthews,7,10,5,8,7.5
FS-041,Roberto Daniel,Laura Jones,9,2,10,9,7.5
FS-041,Roberto Daniel,Melinda Payne,9,8,6,4,6.75
FS-041,Roberto Daniel,George Owens,8,4,9,5,6.5
FS-041,Roberto Daniel,Autumn Thomas,6,2,7,9,6.0
FS-040,Daniel Hopkins,Shawn Allen,10,6,5,8,7.25
FS-040,Daniel Hopkins,Debbie Moreno,8,7,6,8,7.25
FS-040,Daniel Hopkins,Jason Brennan,1,10,9,8,7.0
FS-040,Daniel Hopkins,Andrew Smith,5,7,6,9,6.75
FS-040,Daniel Hopkins,Steven Butler,9,5,5,2,5.25
FS-035,William Ward,Deanna Clay,7,8,7,9,7.75
FS-035,William Ward,Hannah Cunningham MD,10,5,4,8,6.75
FS-035,William Ward,Mr. Timothy Miller Jr.,7,7,10,1,6.25
FS-035,William Ward,Nathaniel Jordan,5,4,5,5,4.75
FS-035,William Ward,Melinda Payne,1,2,8,7,4.5
FS-032,Jeremy Medina,Frank George,4,8,3,5,5.0
FS-032,Jeremy Medina,Laura Jones,3,1,8,7,4.75
FS-032,Jeremy Medina,Peter Moyer,2,3,9,1,3.75
FS-032,Jeremy Medina,Tyler Wade,5,1,3,2,2.75
FS-026,Teresa Bentley,Kim Baxter,9,9,6,6,7.5
FS-026,Teresa Bentley,James Howell DDS,9,6,5,9,7.25
FS-026,Teresa Bentley,Troy Dunlap,3,8,6,10,6.75
FS-026,Teresa Bentley,Martha Thornton,8,6,8,2,6.0
FS-026,Teresa Bentley,Jennifer Valdez,5,4,4,8,5.25
FS-021,Juan Coleman,Carolyn Bennett,10,10,10,0,7.5
FS-021,Juan Coleman,Janet Serrano,9,8,9,2,7.0
FS-021,Juan Coleman,Dorothy Smith,8,7,8,4,6.75
FS-021,Juan Coleman,Felicia Brown,8,1,7,9,6.25
FS-021,Juan Coleman,Miss Lauren Miranda,4,8,6,6,6.0
FS-019,Mary Ortiz,Jason Myers,8,7,10,8,8.25
FS-019,Mary Ortiz,Paul Mitchell,10,2,8,9,7.25
FS-019,Mary Ortiz,Claire Bradley,6,6,7,10,7.25
FS-019,Mary Ortiz,Christopher Hayes,6,9,3,9,6.75
FS-019,Mary Ortiz,Richard Hayes,8,5,2,9,6.0
FS-017,Jessica Wilkinson,Terri Smith,6,7,5,10,7.0
FS-017,Jessica Wilkinson,Jonathan Gordon,4,9,8,7,7.0
FS-017,Jessica Wilkinson,William Murphy,9,3,9,6,6.75
FS-017,Jessica Wilkinson,Shirley Miles,7,8,8,2,6.25
FS-017,Jessica Wilkinson,Kimberly Harris,4,5,10,6,6.25
FS-016,Christopher Bass,Kevin Porter,7,3,10,9,7.25
FS-016,Christopher Bass,Christopher Diaz,9,8,4,7,7.0
FS-016,Christopher Bass,Timothy Fuentes,6,10,7,5,7.0
FS-016,Christopher Bass,Beth Greene,4,9,5,9,6.75
FS-016,Christopher Bass,Laura Daniels,7,6,4,8,6.25
FS-012,Shawn Lowe,Mary Wilson,9,8,9,6,8.0
FS-012,Shawn Lowe,James King,8,9,3,7,6.75
FS-012,Shawn Lowe,Anthony Harris,7,1,9,9,6.5
FS-012,Shawn Lowe,Ashley Oneill,1,9,9,6,6.25
FS-012,Shawn Lowe,Gary Li,3,10,1,8,5.5
FS-001,Theresa Dixon,Elizabeth Freeman,10,6,8,10,8.5
FS-001,Theresa Dixon,Denise Joseph,7,5,10,9,7.75
FS-001,Theresa Dixon,Heather Silva,5,6,8,10,7.25
FS-001,Theresa Dixon,Courtney Massey,7,6,7,9,7.25
FS-001,Theresa Dixon,Troy Dunlap,4,5,9,9,6.75
DS-098,Katie Davidson,Brandon Wade,3,6,10,8,6.75
DS-098,Katie Davidson,Nicole Wilson,5,4,10,8,6.75
DS-098,Katie Davidson,Harold Campbell,5,9,8,4,6.5
DS-098,Katie Davidson,Bradley Jimenez,10,8,7,0,6.25
DS-098,Katie Davidson,Kelly Chandler,8,6,3,8,6.25
DS-089,Ms. Kara Smith,Nicole Hamilton,6,9,9,8,8.0
DS-089,Ms. Kara Smith,Angela Ramirez,9,8,7,7,7.75
DS-089,Ms. Kara Smith,Nicole Brandt,8,9,2,9,7.0
DS-089,Ms. Kara Smith,Anna Arias,5,6,8,8,6.75
DS-089,Ms. Kara Smith,Luis Soto,7,5,7,7,6.5
DS-080,Ricardo Anderson,Elizabeth Higgins,10,9,9,6,8.5
DS-080,Ricardo Anderson,Bradley Cabrera,6,5,9,8,7.0
DS-080,Ricardo Anderson,Jane Cooper,7,9,6,4,6.5
DS-080,Ricardo Anderson,Dennis Brown,8,2,10,6,6.5
DS-080,Ricardo Anderson,Mr. Michael Riddle,9,9,4,4,6.5
DS-075,Ronald Tanner,Keith Herrera,6,9,9,7,7.75
DS-075,Ronald Tanner,Anthony Haynes,6,8,5,8,6.75
DS-075,Ronald Tanner,Todd Kennedy,10,5,3,9,6.75
DS-075,Ronald Tanner,Jonathan Carroll,6,5,7,8,6.5
DS-075,Ronald Tanner,Sarah Tucker,9,6,1,8,6.0
DS-063,Sara Le,Justin Johnson,8,5,9,6,7.0
DS-063,Sara Le,Mark Cox,9,7,10,1,6.75
DS-063,Sara Le,Kelly Mcdowell,0,7,10,8,6.25
DS-063,Sara Le,Oscar Gibson,3,6,9,6,6.0
DS-063,Sara Le,Amy Stephenson,9,3,6,5,5.75
DS-057,Daniel Hopkins,Kelly Chandler,6,8,5,7,6.5
DS-057,Daniel Hopkins,Janice Garza,7,3,6,9,6.25
DS-057,Daniel Hopkins,Mary Cline,7,3,6,6,5.5
DS-057,Daniel Hopkins,Cynthia Wright,2,7,6,7,5.5
DS-057,Daniel Hopkins,Terri Smith,5,5,7,3,5.0
DS-056,Scott Neal,Christina Reeves,10,10,6,1,6.75
DS-056,Scott Neal,Theresa Mcdonald,10,7,1,9,6.75
DS-056,Scott Neal,Nicole Hamilton,7,6,6,6,6.25
DS-056,Scott Neal,Chelsea Smith,7,8,7,1,5.75
DS-056,Scott Neal,Scott Williams,4,2,9,1,4.0
DS-054,Carrie Mathis,Adam Underwood,9,8,6,7,7.5
DS-054,Carrie Mathis,Taylor Cox,6,4,8,10,7.0
DS-054,Carrie Mathis,Shirley Miles,6,5,6,9,6.5
DS-054,Carrie Mathis,Brandon Mcknight,8,5,7,6,6.5
DS-054,Carrie Mathis,Zachary Bennett,7,5,6,8,6.5
DS-037,Edward Smith,Jane Scott,6,6,10,9,7.75
DS-037,Edward Smith,Joseph Hahn,8,7,6,4,6.25
DS-037,Edward Smith,Douglas Thomas,1,6,6,8,5.25
DS-037,Edward Smith,Michelle Johnson,5,3,4,8,5.0
DS-037,Edward Smith,Jamie Gardner,2,6,8,4,5.0
DS-034,Lindsay Smith,Bobby Steele,6,5,9,9,7.25
DS-034,Lindsay Smith,Anthony Valdez,10,7,4,3,6.0
DS-034,Lindsay Smith,Brandon Campbell,4,5,6,8,5.75
DS-034,Lindsay Smith,Krystal Hicks,8,6,2,3,4.75
DS-034,Lindsay Smith,Luke Gates,10,1,3,3,4.25
DS-033,Steven Todd,Shawn Dunn,7,10,4,8,7.25
DS-033,Steven Todd,Amy Martin,5,10,5,5,6.25
DS-033,Steven Todd,John Fox,4,7,3,10,6.0
DS-033,Steven Todd,Darin Erickson,5,5,10,4,6.0
DS-033,Steven Todd,Maureen Mcintyre,2,5,8,5,5.0
DS-030,Steve Lopez,Morgan Pratt,4,6,10,8,7.0
DS-030,Steve Lopez,James Fox,5,3,10,10,7.0
DS-030,Steve Lopez,Michelle Lewis,9,9,4,5,6.75
DS-030,Steve Lopez,George Foster,7,9,3,7,6.5
DS-030,Steve Lopez,Shelley Walker,9,3,9,5,6.5
DS-028,Anna Howell,Cassidy Burke,9,9,10,5,8.25
DS-028,Anna Howell,Jason Cooper,6,10,6,9,7.75
DS-028,Anna Howell,Randall Rich,10,10,10,1,7.75
DS-028,Anna Howell,Brandon Salinas,3,8,9,7,6.75
DS-028,Anna Howell,Matthew Turner,9,10,1,6,6.5
DS-020,Dylan Lawson,Tammy Bowers,5,6,9,9,7.25
DS-020,Dylan Lawson,Tiffany Smith DDS,1,7,9,3,5.0
DS-020,Dylan Lawson,Theresa Mcdonald,3,3,6,7,4.75
DS-020,Dylan Lawson,James Fox,4,9,6,0,4.75
DS-020,Dylan Lawson,Katrina Perez,2,5,4,7,4.5
DS-018,Amanda Goodman,Randall Rich,6,5,10,9,7.5
DS-018,Amanda Goodman,Marie Rodriguez PhD,8,9,1,10,7.0
DS-018,Amanda Goodman,Angela Peters,10,7,0,10,6.75
DS-018,Amanda Goodman,Scott Figueroa,5,4,9,9,6.75
DS-018,Amanda Goodman,Christopher Young,7,9,3,6,6.25
DE-097,Lisa Jackson,Madison Bailey,8,9,7,6,7.5
DE-097,Lisa Jackson,Claire Bradley,7,4,10,8,7.25
DE-097,Lisa Jackson,Jeffrey Collins,9,9,1,9,7.0
DE-097,Lisa Jackson,Robert Miller,1,8,9,10,7.0
DE-097,Lisa Jackson,Mr. Timothy Miller Jr.,7,9,4,8,7.0
DE-096,Anthony Bradford,Theresa Fletcher,7,10,5,4,6.5
DE-092,Jeremy Medina,Nancy Nolan,7,9,9,6,7.75
DE-092,Jeremy Medina,Troy Dunlap,9,9,4,6,7.0
DE-092,Jeremy Medina,Donald Sweeney,7,10,10,1,7.0
DE-092,Jeremy Medina,Amanda Shaw,6,8,4,9,6.75
DE-092,Jeremy Medina,Kayla Larson,5,8,9,4,6.5
DE-086,Jonathan Stone,Cassie Barber,8,5,9,9,7.75
DE-086,Jonathan Stone,Kara Snyder,7,9,8,7,7.75
DE-086,Jonathan Stone,Anthony Thornton,9,3,9,8,7.25
DE-086,Jonathan Stone,Omar Frost,7,7,9,5,7.0
DE-086,Jonathan Stone,Shannon Wong,8,5,10,5,7.0
DE-084,Brandy Bullock,Ann Ortega,10,4,9,3,6.5
DE-084,Brandy Bullock,Randy Myers,5,5,2,9,5.25
DE-084,Brandy Bullock,Morgan Wood,8,10,2,1,5.25
DE-084,Brandy Bullock,Vanessa Bailey,9,1,4,5,4.75
DE-084,Brandy Bullock,Peter Moyer,6,2,7,3,4.5
DE-083,Jonathan Stone,Kenneth Howell,5,6,9,10,7.5
DE-083,Jonathan Stone,Brandon Salinas,7,10,3,10,7.5
DE-083,Jonathan Stone,Leslie Carlson,7,8,4,9,7.0
DE-083,Jonathan Stone,Victoria Kemp,10,3,8,6,6.75
DE-083,Jonathan Stone,Tyler Wade,6,8,1,10,6.25
DE-082,Rhonda Miller,Ronald Valdez,7,9,7,7,7.5
DE-082,Rhonda Miller,Elijah Harris,3,9,6,9,6.75
DE-082,Rhonda Miller,Sandra Gomez,8,0,9,9,6.5
DE-082,Rhonda Miller,Joshua Rogers,5,9,9,2,6.25
DE-082,Rhonda Miller,Aaron Martinez,10,5,7,2,6.0
DE-073,Carolyn Brown,Debbie Moreno,7,4,9,9,7.25
DE-073,Carolyn Brown,Brandon Mayo,3,7,4,9,5.75
DE-073,Carolyn Brown,Mr. Michael Riddle,1,8,5,8,5.5
DE-073,Carolyn Brown,Seth Coffey PhD,9,2,9,1,5.25
DE-073,Carolyn Brown,Daniel Hernandez,8,9,1,3,5.25
DE-069,Jesus Carter,James Cole,9,5,8,7,7.25
DE-069,Jesus Carter,Natalie Turner,8,7,10,3,7.0
DE-069,Jesus Carter,Joshua Grant,10,8,3,6,6.75
DE-069,Jesus Carter,Richard Cantrell,5,7,5,10,6.75
DE-069,Jesus Carter,Jeffery Collins,8,10,3,2,5.75
DE-064,Tina Chen DVM,Christopher Diaz,8,8,8,1,6.25
DE-064,Tina Chen DVM,Troy Cross,3,8,7,6,6.0
DE-064,Tina Chen DVM,Sonya Lane,5,5,4,9,5.75
DE-064,Tina Chen DVM,Alexander Henderson,8,8,1,5,5.5
DE-064,Tina Chen DVM,Jacob Salazar,9,0,9,2,5.0
DE-060,Jill Munoz,Gina Osborn,7,8,2,5,5.5
DE-053,Jennifer Petty,Pamela Graves,4,9,9,4,6.5
DE-048,Jared Williamson,Brandi Jones,10,7,10,6,8.25
DE-048,Jared Williamson,Douglas Crawford,6,10,5,9,7.5
DE-048,Jared Williamson,Daniel Tapia,10,4,9,7,7.5
DE-048,Jared Williamson,Claire Bradley,6,8,3,9,6.5
DE-048,Jared Williamson,Valerie Thompson,9,1,7,6,5.75
DE-029,Steven Estes,Crystal Williamson,6,8,8,8,7.5
DE-029,Steven Estes,William Murphy,9,5,5,8,6.75
DE-029,Steven Estes,Donna Wilson,8,5,10,1,6.0
DE-029,Steven Estes,Kelly Townsend,5,7,1,9,5.5
DE-029,Steven Estes,Leslie Sanchez,5,2,6,8,5.25
DE-025,Ariana Stevens,Derek Glenn,9,8,7,5,7.25
DE-025,Ariana Stevens,Nicole Hamilton,3,8,9,9,7.25
DE-025,Ariana Stevens,Kristina Richmond,7,7,8,5,6.75
DE-025,Ariana Stevens,Kevin Porter,7,3,9,7,6.5
DE-025,Ariana Stevens,Tracy Nielsen,9,7,3,7,6.5
DE-011,Brittany Ramirez,Sarah Rogers,9,10,10,1,7.5
DE-011,Brittany Ramirez,Victoria Kemp,8,4,8,8,7.0
DE-011,Brittany Ramirez,Luke Gates,7,9,4,8,7.0
DE-011,Brittany Ramirez,Timothy Hernandez,8,10,4,1,5.75
DE-011,Brittany Ramirez,Jennifer Elliott,4,7,6,5,5.5
DE-009,Jennifer Fleming,Andrew Robinson,9,5,2,9,6.25
DE-009,Jennifer Fleming,Jonathan Gordon,4,10,5,4,5.75
DE-009,Jennifer Fleming,Shawn Allen,8,6,5,3,5.5
DE-009,Jennifer Fleming,Janice Garza,4,2,10,5,5.25
DE-009,Jennifer Fleming,Christopher Medina,5,7,5,3,5.0
DE-006,Keith Roberson,Susan Lopez,7,9,8,10,8.5
DE-006,Keith Roberson,Caleb Wright,8,4,10,6,7.0
DE-006,Keith Roberson,Jordan Lawson,8,8,5,7,7.0
DE-006,Keith Roberson,Thomas Thompson,10,3,8,7,7.0
DE-006,Keith Roberson,Deanna Clay,5,10,4,2,5.25
