training_code,trainer_username,username,Max Marks [10]
DE-034,Annette Bailey,Aaron Knight,6.75
DE-014,Crystal Cantrell,Aaron Moore,5.5
ST-016,Adam Williams,Aaron Moore,5.0
DE-042,Kimberly Jones,Aaron Moore,6.5
FS-075,Mrs. Katie Yu,Adrian Smith,5.0
UI-015,William Fowler,Adrian Smith,5.75
UI-055,Diana Morton,Adrian Smith,5.75
DS-090,April Smith,Adrian Smith,7.5
FS-092,Christopher Johnston,Adrian Smith,4.75
FS-084,Tina Hensley,Alexander Anderson,6.75
ST-074,William Fowler,Alexandra Wood,5.0
UI-062,Rachel Pierce,Alexis Mendoza,5.25
DE-009,Mary Love,Alexis Mendoza,5.0
ST-074,William Fowler,Alicia Fisher DDS,4.5
DE-042,Kimberly Jones,Allen Holland,3.0
DS-039,Joshua Richardson,Allen Holland,3.75
ST-074,William Fowler,Allen Holland,7.5
UI-082,Jessica Nixon,Allison Conner,3.75
DE-098,Mitchell Faulkner,Allison Conner,5.25
UI-057,Brian Owens,Alyssa Robertson,7.5
DE-078,Jennifer Ramos,Alyssa Robertson,4.0
ST-043,Ashley Malone,Alyssa Robertson,4.25
ST-085,Philip Duke,Amanda Andrews,3.5
ST-001,Alexander Baker,Amanda Andrews,6.5
DS-050,Joyce Lopez,Amanda Beltran,4.75
FS-036,Hunter Garrison,Amanda Beltran,3.5
DE-088,Amber Powers,Amanda Woodward,2.25
DS-070,Amber Powers,Amanda Woodward,5.0
FS-030,Diana Morton,Amanda Woodward,6.25
DE-010,Rhonda Foster,Amanda Woodward,4.25
DE-014,Crystal Cantrell,Amber Brown,6.25
DS-070,Amber Powers,Amber Brown,3.5
UI-002,James Harris,Amber Brown,4.5
DS-060,Michael Sanchez,Amber Brown,3.0
ST-016,Adam Williams,Amber Garcia,3.25
DE-008,Karen Galvan,Amber Garcia,5.5
DS-044,Mary Love,Amber Garcia,5.5
DS-058,Joshua Richardson,Amber Maddox,3.75
UI-015,William Fowler,Amber Mckinney,3.5
FS-045,Dr. Kristin Lee,Amber Mckinney,1.5
FS-030,Diana Morton,Amber Mckinney,5.25
ST-049,Matthew Villa,Amber Wolfe,7.75
DE-028,Jason Mccarty,Amber Wolfe,8.5
ST-086,Natalie Roberts,Amber Wolfe,5.0
FS-092,Christopher Johnston,Amy Arroyo,3.75
UI-096,Vicki Allen,Amy Arroyo,3.0
DS-051,Gloria Lee,Amy Grant,3.5
DS-004,Allison Willis,Amy Grant,5.0
DS-051,Gloria Lee,Amy Hernandez,5.5
FS-093,Dylan Villanueva,Amy Hernandez,4.0
DE-091,Jennifer Ramos,Amy Hicks,3.75
ST-037,Craig Bates,Amy Hicks,2.0
FS-030,Diana Morton,Amy Hicks,5.0
FS-048,Lindsay Knight,Amy Long,5.75
UI-076,Michael Johnson,Amy Long,6.75
DE-088,Amber Powers,Amy Miller,4.5
DS-021,Diane Knox,Amy Miller,3.5
DE-024,Troy Wagner,Amy Miller,6.75
FS-081,Kathryn Weaver,Amy Miller,5.75
FS-069,Joshua Richardson,Amy Miller,4.5
DE-078,Jennifer Ramos,Amy Miller,5.75
UI-096,Vicki Allen,Amy Miller,7.0
FS-094,Tracy Rogers,Amy Miller,4.0
DS-099,Taylor Jackson,Amy Turner,7.75
FS-030,Diana Morton,Amy Turner,3.25
FS-094,Tracy Rogers,Andre Fisher,6.0
ST-027,Cynthia Howard,Andre Fisher,5.75
UI-003,Hunter Garrison,Andre Fisher,4.5
FS-094,Tracy Rogers,Andrea Ayers,2.75
DS-004,Allison Willis,Andrew Cortez,5.0
DE-022,Amber Powers,Andrew Gilbert IV,6.75
ST-073,Susan Williams,Andrew Gilbert IV,6.0
UI-041,Chris Torres,Andrew Phillips,7.75
ST-086,Natalie Roberts,Andrew Porter,7.5
DE-022,Amber Powers,Andrew Porter,7.0
UI-062,Rachel Pierce,Andrew Porter,4.75
DE-024,Troy Wagner,Andrew Pugh,4.25
DE-025,Gregory Johnson,Andrew Pugh,8.0
ST-027,Cynthia Howard,Andrew Taylor,3.5
DS-020,Jason Collins,Andrew Taylor,4.0
DE-022,Amber Powers,Andrew Wilson,4.0
UI-005,Christian Perkins,Andrew Wilson,7.0
FS-093,Dylan Villanueva,Andrew Wilson,5.5
DS-060,Michael Sanchez,Angel Garcia,3.25
UI-040,Tracy Rogers,Angel Garcia,6.0
ST-073,Susan Williams,Angel Gomez,6.0
DE-014,Crystal Cantrell,Angel Gomez,5.5
DE-009,Mary Love,Angel Little,5.25
FS-030,Diana Morton,Angel Little,4.25
DS-032,Brandon Hill,Angel Little,4.0
DS-038,Jennifer Stewart,Angel Little,8.5
DS-099,Taylor Jackson,Angel Little,6.75
ST-007,Christine Chang,Angela Miller,4.75
UI-015,William Fowler,Angela Miller,4.75
DE-010,Rhonda Foster,Angela Miller,2.75
FS-017,Erik Adams,Angela Schaefer,5.0
DE-014,Crystal Cantrell,Angela Schaefer,5.0
DE-098,Mitchell Faulkner,Angela Schaefer,3.5
FS-094,Tracy Rogers,Angela Schaefer,2.75
DS-083,Patricia Shepard DVM,Angela Schaefer,2.25
ST-029,Angelica Leonard,Angela Velazquez,4.5
UI-055,Diana Morton,Angela Wilson,2.75
DE-078,Jennifer Ramos,Angela Wilson,3.5
DS-021,Diane Knox,Angela Wilson,4.75
ST-037,Craig Bates,Ann Howard,5.5
ST-071,Patricia Sullivan,Ann Howard,5.25
DE-009,Mary Love,Ann Howard,2.25
DS-056,Gloria Lee,Anna Boyd,4.25
DS-097,Julie Willis,Anna Boyd,5.0
FS-093,Dylan Villanueva,Anna Gomez,5.5
ST-016,Adam Williams,Anna Gomez,2.0
ST-043,Ashley Malone,Anne Thornton,4.0
UI-005,Christian Perkins,Anne Thornton,7.0
DS-065,Allison Willis,Anne Thornton,2.75
ST-086,Natalie Roberts,Anne Thornton,3.75
FS-093,Dylan Villanueva,Anne Thornton,5.0
DE-054,Jason Collins,Anthony Bonilla,5.75
DS-061,Emily Ballard,Anthony Bonilla,3.75
UI-002,James Harris,Anthony Bonilla,7.0
UI-041,Chris Torres,Anthony Campbell,5.5
FS-067,Julie Willis,Anthony Campbell,3.5
ST-086,Natalie Roberts,Anthony Campbell,3.0
FS-045,Dr. Kristin Lee,Anthony Campbell,3.5
DE-046,Dana Hunter,Anthony Lee,6.0
FS-072,Victor Kline,Anthony Lee,5.0
UI-015,William Fowler,Anthony Lee,6.5
ST-029,Angelica Leonard,Anthony Lee,3.75
DE-028,Jason Mccarty,Anthony Mcdowell,4.0
DS-006,Mrs. Katie Yu,Anthony Mcdowell,6.5
DS-090,April Smith,Anthony Mcdowell,3.5
DS-004,Allison Willis,Anthony Stephens Jr.,4.0
ST-033,Kayla Lee,Anthony Stephens Jr.,5.25
UI-015,William Fowler,Anthony Stephens Jr.,2.5
FS-094,Tracy Rogers,Anthony Stephens Jr.,3.75
ST-033,Kayla Lee,Anthony Taylor,8.25
UI-011,Valerie Park,Anthony Taylor,4.25
FS-084,Tina Hensley,Anthony Walton,3.75
DE-022,Amber Powers,Anthony Walton,6.0
DE-024,Troy Wagner,Anthony Walton,5.75
DS-060,Michael Sanchez,Antonio Jensen,3.5
ST-079,Mariah Gregory,Antonio Jensen,2.75
DE-098,Mitchell Faulkner,Arthur Marsh,5.25
DE-091,Jennifer Ramos,Arthur Marsh,6.75
ST-027,Cynthia Howard,Arthur Marsh,4.75
DE-042,Kimberly Jones,Arthur Marsh,4.0
FS-093,Dylan Villanueva,Arthur Marsh,3.25
DS-083,Patricia Shepard DVM,Ashley Conley,3.75
UI-055,Diana Morton,Ashley Gray,5.5
UI-062,Rachel Pierce,Ashley Gray,4.25
FS-094,Tracy Rogers,Ashley Soto,4.25
DE-028,Jason Mccarty,Ashley Soto,2.5
DE-024,Troy Wagner,Ashley Soto,4.0
ST-086,Natalie Roberts,Ashley Soto,4.75
FS-084,Tina Hensley,Ashley Soto,3.75
DE-010,Rhonda Foster,Audrey Blake,4.75
UI-015,William Fowler,Audrey Blake,5.75
ST-085,Philip Duke,Audrey Blake,5.25
ST-007,Christine Chang,Austin Anderson,4.75
DS-077,Matthew Gonzalez,Austin Anderson,3.5
DS-038,Jennifer Stewart,Austin Howard,3.75
UI-055,Diana Morton,Autumn Page,5.75
UI-005,Christian Perkins,Autumn Page,2.75
DS-090,April Smith,Autumn Page,7.0
FS-019,Anthony Ferguson,Autumn Page,4.25
ST-085,Philip Duke,Barbara Mercado,4.5
UI-062,Rachel Pierce,Barbara Mercado,5.25
ST-027,Cynthia Howard,Barbara Mercado,3.5
FS-072,Victor Kline,Benjamin Hart,4.5
FS-094,Tracy Rogers,Benjamin Henry,6.25
UI-013,Cassandra Nguyen,Benjamin Henry,5.0
DE-091,Jennifer Ramos,Beth Blankenship,3.75
DE-042,Kimberly Jones,Beth Blankenship,5.25
DE-042,Kimberly Jones,Blake Todd,3.75
DS-056,Gloria Lee,Blake Todd,5.25
UI-076,Michael Johnson,Blake Todd,6.25
ST-085,Philip Duke,Bobby King,6.0
UI-005,Christian Perkins,Bobby King,2.5
DS-077,Matthew Gonzalez,Bobby King,4.75
DE-034,Annette Bailey,Bobby King,7.25
ST-001,Alexander Baker,Bobby King,4.25
DS-100,Matthew Diaz III,Bradley Ball,5.0
DE-031,Samuel Curtis,Bradley Ball,3.75
FS-047,Casey Bartlett,Bradley Ball,4.75
DS-056,Gloria Lee,Bradley Ball,7.5
UI-005,Christian Perkins,Bradley Ball,5.0
DS-099,Taylor Jackson,Brandi Richardson DDS,3.75
UI-002,James Harris,Brandi Richardson DDS,4.0
DS-065,Allison Willis,Brandon Galvan,4.75
FS-069,Joshua Richardson,Brandon Gardner,6.0
DE-031,Samuel Curtis,Brandon Gardner,6.75
UI-026,Catherine Mckinney,Brandon Snow,3.0
ST-059,April Foster,Brenda Wong,5.0
ST-086,Natalie Roberts,Brenda Wong,6.25
DE-078,Jennifer Ramos,Brent White,3.0
DS-068,Diana Morton,Brian Cole,4.25
UI-055,Diana Morton,Brian Cole,6.75
DS-053,Troy Wagner,Brian Harmon,3.75
FS-019,Anthony Ferguson,Brian Harmon,4.5
DE-024,Troy Wagner,Brian Harmon,3.75
UI-040,Tracy Rogers,Brian Jones,6.75
ST-073,Susan Williams,Brian Jones,5.75
FS-019,Anthony Ferguson,Brian Koch,4.25
UI-013,Cassandra Nguyen,Brian Koch,5.75
UI-057,Brian Owens,Brian Williams,7.5
ST-071,Patricia Sullivan,Brian Williams,4.0
FS-019,Anthony Ferguson,Brianna Rodgers,7.0
DS-080,Kendra Robinson,Brooke Mccarthy,3.25
UI-062,Rachel Pierce,Brooke Mccarthy,4.25
DS-051,Gloria Lee,Brooke Mccarthy,5.25
DS-090,April Smith,Brooke Mccarthy,7.25
DS-044,Mary Love,Brooke Mccarthy,3.5
DE-091,Jennifer Ramos,Bryan Henderson,6.0
DE-010,Rhonda Foster,Bryan Henderson,6.75
DE-031,Samuel Curtis,Caitlin Adams,5.0
UI-082,Jessica Nixon,Caitlin Perkins,4.5
DS-099,Taylor Jackson,Caitlin Perkins,5.25
ST-027,Cynthia Howard,Caitlin Perkins,4.75
UI-062,Rachel Pierce,Calvin Velazquez,5.0
FS-094,Tracy Rogers,Calvin Velazquez,2.75
DS-032,Brandon Hill,Calvin Velazquez,5.5
DS-090,April Smith,Calvin Velazquez,6.5
DS-058,Joshua Richardson,Calvin Velazquez,2.25
ST-074,William Fowler,Calvin Velazquez,3.75
FS-093,Dylan Villanueva,Calvin Velazquez,4.75
DE-088,Amber Powers,Candice Mcmahon,2.5
FS-092,Christopher Johnston,Candice Mcmahon,5.5
DS-004,Allison Willis,Carl King,4.0
FS-067,Julie Willis,Carl King,6.5
FS-069,Joshua Richardson,Carlos Jones,7.25
DE-024,Troy Wagner,Carlos Jones,2.75
ST-086,Natalie Roberts,Carlos Jones,4.75
DS-039,Joshua Richardson,Carlos Jones,7.0
DE-088,Amber Powers,Carlos Perez,5.25
ST-027,Cynthia Howard,Carlos Perez,4.75
FS-036,Hunter Garrison,Carlos Perez,3.75
FS-047,Casey Bartlett,Carol Anthony,4.75
DE-031,Samuel Curtis,Carol Anthony,5.5
ST-007,Christine Chang,Carol Berg,5.25
DS-099,Taylor Jackson,Casey Kline,5.0
DS-089,Danny Stevens,Cassandra Hardy,3.25
DE-088,Amber Powers,Cassandra Hardy,4.25
ST-029,Angelica Leonard,Cassandra Hardy,4.5
UI-026,Catherine Mckinney,Cassandra Hardy,4.0
ST-037,Craig Bates,Cassie Waller,4.5
ST-086,Natalie Roberts,Cathy Weber,6.25
ST-035,Jennifer Martinez,Cathy Weber,6.25
ST-007,Christine Chang,Cathy Weber,5.5
DE-010,Rhonda Foster,Cathy Weber,6.5
ST-001,Alexander Baker,Chad Colon,2.5
DE-028,Jason Mccarty,Chad Colon,5.0
ST-049,Matthew Villa,Chad Jones,7.25
ST-074,William Fowler,Charlene Garcia,3.75
DS-099,Taylor Jackson,Charles Gregory,5.25
DE-024,Troy Wagner,Charles Gregory,5.0
ST-033,Kayla Lee,Charles Marks,6.25
DS-100,Matthew Diaz III,Charles Marks,4.5
DS-004,Allison Willis,Chase Collier,4.5
DE-054,Jason Collins,Chelsea Morris,5.25
DE-054,Jason Collins,Cheryl Howard,6.0
FS-081,Kathryn Weaver,Cheryl Howard,5.0
UI-002,James Harris,Chris Ferguson,2.5
UI-015,William Fowler,Chris Ferguson,6.25
DE-091,Jennifer Ramos,Christian Briggs,3.75
DS-095,Michael Frost,Christian Harding,5.5
UI-005,Christian Perkins,Christian Harding,6.5
UI-026,Catherine Mckinney,Christian Harding,4.75
FS-067,Julie Willis,Christian Harding,6.5
DS-060,Michael Sanchez,Christopher Clark,6.75
DE-091,Jennifer Ramos,Christopher Clark,5.75
DE-025,Gregory Johnson,Christopher Clark,6.25
DE-042,Kimberly Jones,Christopher Clark,2.5
FS-047,Casey Bartlett,Christopher Clark,5.5
DE-014,Crystal Cantrell,Christopher Evans,6.25
DS-065,Allison Willis,Christopher Evans,6.75
UI-015,William Fowler,Christopher Frazier,6.5
DS-097,Julie Willis,Christopher Frazier,4.25
DE-054,Jason Collins,Christopher Johnson,6.25
UI-026,Catherine Mckinney,Christopher Johnson,8.5
DE-024,Troy Wagner,Christopher Johnson,4.0
DS-070,Amber Powers,Christopher Mercer,5.25
UI-096,Vicki Allen,Christopher Orozco,4.75
FS-036,Hunter Garrison,Christopher Price DVM,5.25
UI-076,Michael Johnson,Christopher Russell,5.0
DE-034,Annette Bailey,Christopher Schneider,3.75
DS-077,Matthew Gonzalez,Christopher Smith,7.75
UI-052,Michael Tran,Christopher Smith,3.5
DE-091,Jennifer Ramos,Christopher Smith,4.0
ST-007,Christine Chang,Christopher Waller,3.25
ST-033,Kayla Lee,Christopher Waller,4.75
UI-002,James Harris,Christopher Walters,2.5
DS-065,Allison Willis,Christopher Walters,5.75
DS-097,Julie Willis,Cody Smith,3.25
DS-077,Matthew Gonzalez,Cody Smith,6.25
FS-030,Diana Morton,Connie Salazar,8.0
DS-077,Matthew Gonzalez,Connie Salazar,4.25
DE-031,Samuel Curtis,Corey Brown,4.75
DS-099,Taylor Jackson,Corey Brown,4.25
DE-022,Amber Powers,Corey Brown,5.25
DE-010,Rhonda Foster,Corey Brown,5.5
DS-060,Michael Sanchez,Cory Crawford,5.25
UI-005,Christian Perkins,Cory Crawford,3.25
UI-076,Michael Johnson,Cory Mckinney,5.0
FS-023,Jason Collins,Cory Mckinney,3.75
ST-059,April Foster,Cory Mckinney,7.0
UI-076,Michael Johnson,Cory Richardson,7.25
ST-007,Christine Chang,Cory Richardson,4.5
UI-055,Diana Morton,Cory Richardson,4.0
FS-036,Hunter Garrison,Courtney Sandoval,3.25
DS-099,Taylor Jackson,Crystal Hill,5.75
FS-075,Mrs. Katie Yu,Crystal Hill,3.5
DS-056,Gloria Lee,Crystal Hill,4.0
FS-081,Kathryn Weaver,Crystal Lopez,3.75
DS-058,Joshua Richardson,Crystal Lopez,7.5
UI-002,James Harris,Cynthia Herrera,6.0
DS-090,April Smith,Cynthia Herrera,5.0
DS-099,Taylor Jackson,Cynthia Herrera,4.5
UI-015,William Fowler,Cynthia Herrera,3.75
ST-079,Mariah Gregory,Cynthia Jackson,4.75
DE-046,Dana Hunter,Cynthia Johnson,7.0
DE-054,Jason Collins,Cynthia Johnson,4.5
FS-047,Casey Bartlett,Cynthia Johnson,2.75
ST-085,Philip Duke,Cynthia Miller,4.25
FS-093,Dylan Villanueva,Cynthia Miller,4.25
DE-025,Gregory Johnson,Cynthia Miller,5.75
FS-030,Diana Morton,Cynthia Miller,5.75
FS-092,Christopher Johnston,Cynthia Sims,5.0
DS-063,Lawrence Robinson Jr.,Cynthia Sims,5.5
DE-028,Jason Mccarty,Cynthia Sims,6.0
ST-035,Jennifer Martinez,Cynthia Sims,2.0
DS-051,Gloria Lee,Daniel Chavez,7.25
UI-082,Jessica Nixon,Daniel Chavez,5.25
FS-072,Victor Kline,Daniel Leonard,5.0
FS-093,Dylan Villanueva,Daniel Moore,2.75
ST-074,William Fowler,Daniel Moore,7.0
ST-085,Philip Duke,Daniel Young,4.25
FS-093,Dylan Villanueva,Daniel Young,5.5
DS-056,Gloria Lee,Daniel Young,7.25
FS-047,Casey Bartlett,Daniel Young,4.25
DS-070,Amber Powers,Danielle Pittman,4.25
DE-088,Amber Powers,Danielle Pittman,2.0
DE-046,Dana Hunter,Danielle Pittman,7.0
ST-033,Kayla Lee,Danielle Pittman,5.5
DE-028,Jason Mccarty,Danielle Woods,7.5
DE-098,Mitchell Faulkner,Danielle Woods,3.0
UI-018,Douglas Mcintosh,Danny Cook,6.0
UI-005,Christian Perkins,Danny Cook,5.0
UI-082,Jessica Nixon,David Branch,6.75
UI-062,Rachel Pierce,David Byrd,7.5
UI-041,Chris Torres,David Byrd,5.75
UI-055,Diana Morton,David Byrd,4.0
ST-086,Natalie Roberts,David Coleman,6.0
FS-092,Christopher Johnston,David Coleman,7.0
DE-024,Troy Wagner,David Evans,5.25
DS-065,Allison Willis,David Giles,8.25
DE-010,Rhonda Foster,David Greene,4.75
FS-084,Tina Hensley,David Greene,3.5
UI-057,Brian Owens,David Greene,4.0
UI-052,Michael Tran,David Hernandez,3.0
DE-009,Mary Love,David Hernandez,5.25
DE-010,Rhonda Foster,David Reyes,6.25
ST-079,Mariah Gregory,David Reyes,5.5
DE-034,Annette Bailey,David Reyes,5.25
DE-024,Troy Wagner,David Reyes,1.75
ST-037,Craig Bates,David Rice,7.5
UI-076,Michael Johnson,David Rice,6.0
UI-057,Brian Owens,David Sanders,5.0
ST-029,Angelica Leonard,David Sanders,3.0
DE-028,Jason Mccarty,David Sanders,6.75
UI-057,Brian Owens,David Simpson,3.0
DS-065,Allison Willis,David Simpson,5.0
DS-044,Mary Love,David Simpson,4.75
UI-005,Christian Perkins,David Simpson,4.75
UI-003,Hunter Garrison,David Simpson,6.5
DE-025,Gregory Johnson,David Simpson,2.75
FS-047,Casey Bartlett,David Smith,4.75
DS-039,Joshua Richardson,David Smith,4.25
FS-093,Dylan Villanueva,David Smith,1.75
ST-037,Craig Bates,Dawn Jackson,3.0
DE-042,Kimberly Jones,Dawn Jackson,4.25
UI-052,Michael Tran,Dawn Jackson,7.0
DS-039,Joshua Richardson,Dawn Navarro,5.5
FS-047,Casey Bartlett,Dawn Navarro,3.25
DE-046,Dana Hunter,Dawn Spears,4.75
ST-086,Natalie Roberts,Deanna Cummings,3.75
ST-035,Jennifer Martinez,Deanna Cummings,7.0
DS-090,April Smith,Deanna Cummings,4.75
ST-073,Susan Williams,Deanna Cummings,3.0
UI-002,James Harris,Deborah Cox,4.75
DE-091,Jennifer Ramos,Deborah Washington,2.25
FS-072,Victor Kline,Denise Wong,5.0
DS-039,Joshua Richardson,Denise Wong,5.25
FS-019,Anthony Ferguson,Denise Wright,5.0
FS-048,Lindsay Knight,Denise Wright,5.0
ST-029,Angelica Leonard,Denise Wright,5.75
ST-071,Patricia Sullivan,Denise Wright,7.25
UI-015,William Fowler,Derek Carson,7.0
ST-086,Natalie Roberts,Derek Wheeler,5.75
ST-074,William Fowler,Derrick Williams,5.75
ST-029,Angelica Leonard,Derrick Williams,3.75
ST-035,Jennifer Martinez,Derrick Williams,3.5
DE-024,Troy Wagner,Destiny Webster,1.75
FS-045,Dr. Kristin Lee,Devon Gonzalez,5.5
DE-022,Amber Powers,Diane Harris,6.0
FS-047,Casey Bartlett,Diane Pena,5.25
DS-083,Patricia Shepard DVM,Diane Pena,4.75
DS-056,Gloria Lee,Diane Pena,7.25
DE-046,Dana Hunter,Diane Pena,4.0
DE-031,Samuel Curtis,Dominic Simon,6.75
DS-065,Allison Willis,Don Williams,7.75
ST-007,Christine Chang,Don Williams,5.0
DS-039,Joshua Richardson,Don Williams,3.5
FS-067,Julie Willis,Donald Barker,5.5
DE-009,Mary Love,Donald Barker,5.75
FS-047,Casey Bartlett,Donald Esparza,7.25
ST-037,Craig Bates,Donald Esparza,4.5
FS-030,Diana Morton,Donald Esparza,8.5
DS-080,Kendra Robinson,Donna Branch,3.75
FS-036,Hunter Garrison,Donna Branch,7.0
ST-049,Matthew Villa,Donna Brown,3.75
UI-062,Rachel Pierce,Donna Brown,5.75
UI-055,Diana Morton,Donna Cabrera,5.25
ST-001,Alexander Baker,Donna Cabrera,6.0
DE-098,Mitchell Faulkner,Donna Cabrera,3.25
FS-036,Hunter Garrison,Donna Graham,5.0
UI-096,Vicki Allen,Donna Guerra,4.5
UI-026,Catherine Mckinney,Donna Guerra,4.5
DE-088,Amber Powers,Donna Hancock,4.25
UI-076,Michael Johnson,Donna Hancock,3.75
FS-045,Dr. Kristin Lee,Donna Hancock,3.5
DS-097,Julie Willis,Donna Hancock,4.75
ST-037,Craig Bates,Donna Hancock,6.0
ST-016,Adam Williams,Dorothy Martinez,5.75
DE-098,Mitchell Faulkner,Dr. Carolyn Zuniga,3.75
FS-069,Joshua Richardson,Dr. Dustin Ramsey,7.0
ST-001,Alexander Baker,Dr. Dustin Ramsey,4.5
ST-037,Craig Bates,Dr. Dustin Ramsey,5.75
ST-086,Natalie Roberts,Dr. Dustin Ramsey,5.0
DS-060,Michael Sanchez,Dr. Dustin Ramsey,4.75
UI-011,Valerie Park,Dr. Dustin Ramsey,3.75
UI-015,William Fowler,Dr. Dustin Ramsey,4.5
FS-045,Dr. Kristin Lee,Dr. Dustin Ramsey,5.0
DS-050,Joyce Lopez,Dr. Dustin Ramsey,4.5
FS-094,Tracy Rogers,Dr. Gina Miller DVM,3.5
UI-096,Vicki Allen,Dr. John Stevens,6.0
UI-040,Tracy Rogers,Dr. John Stevens,5.0
ST-071,Patricia Sullivan,Dr. Suzanne Haynes DDS,6.5
FS-093,Dylan Villanueva,Dr. Thomas Figueroa DDS,5.25
UI-096,Vicki Allen,Duane Coleman,2.5
UI-041,Chris Torres,Dwayne Scott,5.0
DE-028,Jason Mccarty,Dylan Cruz,3.0
ST-037,Craig Bates,Dylan Cruz,5.0
DS-083,Patricia Shepard DVM,Eddie Moore,4.75
FS-023,Jason Collins,Eddie Moore,5.0
DE-009,Mary Love,Eddie Moore,4.75
DS-051,Gloria Lee,Elizabeth Cox,6.0
DS-099,Taylor Jackson,Elizabeth Cox,6.25
FS-094,Tracy Rogers,Elizabeth Mendoza,5.75
FS-047,Casey Bartlett,Elizabeth Mendoza,7.0
DS-051,Gloria Lee,Elizabeth Mendoza,4.75
DS-051,Gloria Lee,Elizabeth Page,4.75
FS-036,Hunter Garrison,Elizabeth Page,3.75
UI-066,James Lane,Elizabeth Page,5.0
DS-080,Kendra Robinson,Elizabeth Rivas,5.5
UI-026,Catherine Mckinney,Elizabeth Rivas,6.5
DS-077,Matthew Gonzalez,Elizabeth Rivas,4.5
UI-040,Tracy Rogers,Elizabeth Schultz,3.0
DE-031,Samuel Curtis,Elizabeth Schultz,3.0
DE-008,Karen Galvan,Elizabeth Schultz,6.25
ST-049,Matthew Villa,Elizabeth Schultz,4.75
DE-024,Troy Wagner,Elizabeth Schultz,5.75
FS-019,Anthony Ferguson,Emily Galvan,3.75
FS-081,Kathryn Weaver,Emily Galvan,7.75
DE-009,Mary Love,Emily Galvan,4.0
FS-072,Victor Kline,Emily Summers,6.25
ST-037,Craig Bates,Emily Summers,6.25
UI-055,Diana Morton,Emily Summers,2.5
ST-085,Philip Duke,Emily Summers,5.0
FS-019,Anthony Ferguson,Emma Wolfe,6.5
UI-026,Catherine Mckinney,Eric Anderson,2.75
ST-085,Philip Duke,Eric Anderson,4.75
DE-014,Crystal Cantrell,Eric Anderson,5.75
ST-016,Adam Williams,Eric Anderson,6.5
UI-041,Chris Torres,Eric Anderson,5.0
DS-051,Gloria Lee,Eric Graham,2.25
ST-007,Christine Chang,Erica Norman,8.75
DS-077,Matthew Gonzalez,Erica Norman,7.25
DS-060,Michael Sanchez,Erica Norman,7.0
DS-006,Mrs. Katie Yu,Erika Oliver,5.0
ST-037,Craig Bates,Erika Oliver,7.0
ST-059,April Foster,Erika Oliver,6.5
UI-076,Michael Johnson,Erika Oliver,5.25
ST-079,Mariah Gregory,Erika Walker,3.0
DE-010,Rhonda Foster,Erika Walker,5.75
ST-007,Christine Chang,Erika Walker,4.5
DS-039,Joshua Richardson,Erika Walker,6.5
DS-080,Kendra Robinson,Erin Goodman,4.25
ST-086,Natalie Roberts,Erin Goodman,3.0
FS-019,Anthony Ferguson,Evan Curtis,6.25
UI-026,Catherine Mckinney,Frederick Bishop,5.0
FS-047,Casey Bartlett,Frederick Bishop,4.25
ST-074,William Fowler,Frederick Hill,6.0
DS-058,Joshua Richardson,Gabriela Zimmerman,2.5
ST-079,Mariah Gregory,Gabriela Zimmerman,5.25
ST-035,Jennifer Martinez,Garrett Jones,3.75
FS-019,Anthony Ferguson,Garrett Jones,4.0
UI-096,Vicki Allen,Garrett Jones,5.25
FS-030,Diana Morton,Gary Obrien,4.75
DE-088,Amber Powers,George Norman,5.0
DE-025,Gregory Johnson,Gerald Lee,2.25
UI-018,Douglas Mcintosh,Gerald Lee,5.75
DE-028,Jason Mccarty,Gerald Lee,5.75
DE-009,Mary Love,Gina Hunt,8.25
ST-086,Natalie Roberts,Gina Hunt,5.25
DE-010,Rhonda Foster,Gina Jones,4.5
DE-054,Jason Collins,Gina Jones,5.5
ST-007,Christine Chang,Grace Holder,4.25
DS-099,Taylor Jackson,Grace Holder,6.5
DE-010,Rhonda Foster,Grace Randall,7.0
ST-033,Kayla Lee,Gregory Andrews,6.0
ST-035,Jennifer Martinez,Gregory Andrews,7.25
UI-005,Christian Perkins,Gregory Carter,5.25
ST-007,Christine Chang,Gregory Carter,5.0
FS-092,Christopher Johnston,Gregory Clark,7.25
UI-082,Jessica Nixon,Gregory Clark,4.0
DS-039,Joshua Richardson,Gregory Clark,4.5
DE-031,Samuel Curtis,Gregory Ferguson,7.25
DS-070,Amber Powers,Gregory Jones,3.75
ST-073,Susan Williams,Gregory Lucas,3.25
ST-086,Natalie Roberts,Gregory Lucas,4.25
UI-066,James Lane,Gregory Lucas,6.5
DE-024,Troy Wagner,Hailey Leblanc,6.25
ST-059,April Foster,Hailey Leblanc,3.5
ST-079,Mariah Gregory,Hailey Perry,4.75
FS-075,Mrs. Katie Yu,Hailey Perry,4.5
DS-056,Gloria Lee,Haley Taylor,6.0
DS-060,Michael Sanchez,Haley Taylor,4.0
UI-003,Hunter Garrison,Haley Taylor,7.25
UI-096,Vicki Allen,Hannah Austin,4.75
DE-009,Mary Love,Hannah Austin,4.0
DS-065,Allison Willis,Hannah Austin,5.25
UI-055,Diana Morton,Hannah Graves,4.75
DE-024,Troy Wagner,Hannah Graves,5.5
FS-084,Tina Hensley,Hannah Graves,6.75
ST-029,Angelica Leonard,Heather Brown,3.25
UI-026,Catherine Mckinney,Heather Caldwell,5.0
UI-012,Dana Castillo,Heather Griffin,4.5
DE-022,Amber Powers,Heather Griffin,5.25
DS-070,Amber Powers,Heather Harmon,5.75
UI-062,Rachel Pierce,Heather Harmon,4.5
DE-031,Samuel Curtis,Heather Harmon,7.25
DE-031,Samuel Curtis,Heather Vargas,3.25
DE-010,Rhonda Foster,Heather Vargas,5.5
DS-090,April Smith,Heather Vargas,6.25
ST-086,Natalie Roberts,Heather Vargas,3.25
ST-033,Kayla Lee,Heather Vargas,5.75
DE-046,Dana Hunter,Isaac James,6.75
UI-040,Tracy Rogers,Isaac James,7.75
DS-099,Taylor Jackson,Isabella Shields,3.5
FS-030,Diana Morton,Isabella Shields,4.75
UI-076,Michael Johnson,Isabella Shields,3.5
DE-078,Jennifer Ramos,Isabella Shields,4.5
ST-074,William Fowler,Isabella Shields,7.5
UI-062,Rachel Pierce,Jackson Navarro,2.0
ST-049,Matthew Villa,Jackson Navarro,3.75
DE-009,Mary Love,Jacob Allison,4.0
ST-085,Philip Duke,Jacob Allison,4.0
DS-065,Allison Willis,Jacob Brown,5.75
UI-076,Michael Johnson,Jacob Gregory,4.0
ST-016,Adam Williams,Jacob Gregory,3.0
ST-037,Craig Bates,Jacob Gregory,4.75
DS-070,Amber Powers,Jacob Lara,5.5
UI-003,Hunter Garrison,Jacob Lara,4.0
ST-085,Philip Duke,Jacob Lara,7.5
DE-098,Mitchell Faulkner,Jacqueline Moore,4.25
ST-027,Cynthia Howard,Jacqueline Moore,3.75
UI-003,Hunter Garrison,Jacqueline Moore,5.75
DE-087,Sarah Jackson,Jacqueline Moore,2.75
ST-049,Matthew Villa,Jacqueline Moore,4.75
DS-068,Diana Morton,Jacqueline Moore,8.0
DS-065,Allison Willis,Jacqueline Moore,6.75
DE-034,Annette Bailey,Jacqueline Morris,6.25
DE-010,Rhonda Foster,Jacqueline Morris,5.0
ST-071,Patricia Sullivan,Jacqueline Morris,4.5
FS-036,Hunter Garrison,Jacqueline Morris,5.25
UI-015,William Fowler,Jacqueline Morris,5.75
FS-075,Mrs. Katie Yu,Jade Mckay,2.75
DE-098,Mitchell Faulkner,James Blackburn,6.0
DS-080,Kendra Robinson,James Blackburn,4.0
DS-051,Gloria Lee,James Blackburn,5.0
ST-073,Susan Williams,James Brown,8.25
DS-053,Troy Wagner,James Brown,5.5
UI-057,Brian Owens,James Carney,4.5
DE-024,Troy Wagner,James Gray,5.5
DE-088,Amber Powers,James Gray,3.5
DS-056,Gloria Lee,James Mann,5.5
UI-018,Douglas Mcintosh,James Mccoy,2.25
UI-005,Christian Perkins,James Mccoy,4.5
FS-036,Hunter Garrison,James Mccoy,4.25
DE-031,Samuel Curtis,James Mccoy,6.0
DE-028,Jason Mccarty,James Meyer,4.0
DE-022,Amber Powers,James Meyer,3.75
UI-011,Valerie Park,James Meyer,2.75
DE-098,Mitchell Faulkner,James Meyer,7.75
DE-098,Mitchell Faulkner,James Miller,6.25
FS-075,Mrs. Katie Yu,James Miller,6.75
DS-099,Taylor Jackson,James Miller,5.75
DS-058,Joshua Richardson,James Mullen,3.5
DE-014,Crystal Cantrell,James Schwartz,5.5
UI-076,Michael Johnson,James Schwartz,4.25
DE-078,Jennifer Ramos,James Solis,7.25
FS-069,Joshua Richardson,James Solis,3.25
DS-056,Gloria Lee,James Solis,6.25
DS-077,Matthew Gonzalez,James Solis,5.75
DE-031,Samuel Curtis,James Thompson DDS,4.0
DE-024,Troy Wagner,James Walker,5.5
FS-094,Tracy Rogers,James Walter,1.75
ST-029,Angelica Leonard,James Walter,4.25
FS-093,Dylan Villanueva,James Ward,4.5
ST-049,Matthew Villa,James Ward,5.25
DS-050,Joyce Lopez,Jamie Dennis,5.0
DE-078,Jennifer Ramos,Jamie Rangel,4.0
UI-005,Christian Perkins,Jamie Rangel,2.75
DE-091,Jennifer Ramos,Jamie Rangel,2.0
FS-030,Diana Morton,Jamie Rangel,6.25
FS-094,Tracy Rogers,Jasmine Weaver MD,6.5
UI-015,William Fowler,Jasmine Weaver MD,4.5
ST-086,Natalie Roberts,Jason Aguilar,3.25
DS-032,Brandon Hill,Jason Aguilar,4.5
DS-020,Jason Collins,Jason Aguilar,7.75
ST-007,Christine Chang,Jason Aguilar,3.5
ST-071,Patricia Sullivan,Jason Davies,5.0
DE-031,Samuel Curtis,Jason Davies,4.75
DS-044,Mary Love,Jason Horton,3.0
DS-004,Allison Willis,Jason Horton,7.0
UI-066,James Lane,Jason Johnson,4.5
ST-037,Craig Bates,Jason Johnson,7.0
ST-033,Kayla Lee,Jason Rodriguez,6.75
UI-005,Christian Perkins,Jason Thomas,6.25
FS-092,Christopher Johnston,Jason Thomas,6.75
UI-096,Vicki Allen,Jason Thomas,8.0
FS-030,Diana Morton,Jason Thomas,3.25
FS-019,Anthony Ferguson,Jason Thomas,5.25
DS-083,Patricia Shepard DVM,Jeanette Perez,5.0
DS-053,Troy Wagner,Jeff Weeks,4.25
DS-077,Matthew Gonzalez,Jeff Weeks,5.75
DE-025,Gregory Johnson,Jeffery Bowen,2.5
DS-056,Gloria Lee,Jeffery Graham,2.0
DE-010,Rhonda Foster,Jeffrey Larsen,4.75
DE-031,Samuel Curtis,Jeffrey Larsen,3.5
DE-009,Mary Love,Jeffrey Larsen,3.75
ST-029,Angelica Leonard,Jeffrey Melton,5.5
DS-070,Amber Powers,Jeffrey Melton,6.75
ST-074,William Fowler,Jeffrey Parker,5.25
DS-100,Matthew Diaz III,Jeffrey Parker,5.0
ST-029,Angelica Leonard,Jeffrey Parker,3.25
DS-039,Joshua Richardson,Jeffrey Parker,3.0
DE-024,Troy Wagner,Jeffrey Ryan,6.75
FS-094,Tracy Rogers,Jeffrey Ryan,2.75
DS-097,Julie Willis,Jeffrey Vazquez,3.5
UI-064,Nancy Williams,Jeffrey Vazquez,5.25
UI-013,Cassandra Nguyen,Jeffrey Vazquez,4.75
UI-055,Diana Morton,Jeffrey Vazquez,7.25
DS-056,Gloria Lee,Jenna Cruz,5.75
FS-067,Julie Willis,Jenna Cruz,5.75
UI-062,Rachel Pierce,Jenna Cruz,6.25
FS-045,Dr. Kristin Lee,Jenna Cruz,3.75
DS-050,Joyce Lopez,Jennifer Blackwell,4.5
ST-071,Patricia Sullivan,Jennifer Blackwell,4.75
DE-054,Jason Collins,Jennifer Cain,3.5
UI-003,Hunter Garrison,Jennifer Cain,6.0
DE-028,Jason Mccarty,Jennifer Cain,3.0
DS-004,Allison Willis,Jennifer Davidson,4.25
DE-028,Jason Mccarty,Jennifer Harrison,2.25
ST-059,April Foster,Jennifer Harrison,4.25
DE-042,Kimberly Jones,Jennifer Harrison,5.0
UI-015,William Fowler,Jennifer Hughes,7.75
FS-019,Anthony Ferguson,Jennifer Hughes,6.75
UI-055,Diana Morton,Jennifer Hughes,3.75
UI-052,Michael Tran,Jennifer Hughes,5.75
DE-009,Mary Love,Jennifer Leblanc,5.0
FS-069,Joshua Richardson,Jennifer Mercer,4.25
UI-096,Vicki Allen,Jennifer Mercer,8.0
DE-088,Amber Powers,Jennifer Mercer,3.25
FS-019,Anthony Ferguson,Jennifer Moody,7.0
ST-027,Cynthia Howard,Jennifer Moody,5.25
FS-092,Christopher Johnston,Jennifer Moody,7.25
UI-055,Diana Morton,Jennifer Williams,5.25
UI-040,Tracy Rogers,Jenny Horne,4.0
DE-010,Rhonda Foster,Jenny Horne,5.0
UI-026,Catherine Mckinney,Jenny Horne,7.5
FS-084,Tina Hensley,Jeremiah Jenkins,7.25
DS-056,Gloria Lee,Jeremiah Jenkins,5.25
UI-040,Tracy Rogers,Jeremiah Jenkins,7.0
FS-023,Jason Collins,Jeremiah Jenkins,4.75
FS-067,Julie Willis,Jeremy Cisneros,4.5
DE-014,Crystal Cantrell,Jeremy Cisneros,5.0
UI-076,Michael Johnson,Jeremy Cisneros,6.0
ST-016,Adam Williams,Jeremy Cisneros,4.75
DS-039,Joshua Richardson,Jermaine Campbell,3.25
FS-084,Tina Hensley,Jermaine Campbell,5.25
DS-056,Gloria Lee,Jermaine Campbell,4.75
UI-062,Rachel Pierce,Jesse Smith,5.0
UI-076,Michael Johnson,Jesse Smith,5.0
ST-086,Natalie Roberts,Jesse Smith,2.25
FS-084,Tina Hensley,Jesse Smith,2.0
FS-084,Tina Hensley,Jessica Barrett,5.75
ST-035,Jennifer Martinez,Jessica Barrett,3.0
DE-009,Mary Love,Jessica Lewis,4.75
FS-081,Kathryn Weaver,Jessica Lewis,4.25
FS-092,Christopher Johnston,Jessica Lewis,4.5
DE-091,Jennifer Ramos,Jessica Lewis,4.5
ST-079,Mariah Gregory,Jessica Lewis,7.5
UI-096,Vicki Allen,Jessica Perez,5.75
DS-070,Amber Powers,Jessica Perez,5.25
UI-005,Christian Perkins,Jessica Taylor,4.0
FS-081,Kathryn Weaver,Jessica Taylor,7.5
DE-010,Rhonda Foster,Jessica Taylor,4.0
ST-059,April Foster,Jessica Taylor,4.0
DS-080,Kendra Robinson,Jessica White,6.0
DE-088,Amber Powers,Jessica White,4.5
FS-019,Anthony Ferguson,Jessica White,7.0
DS-051,Gloria Lee,Jesus Smith,4.0
DS-056,Gloria Lee,Jill Burke,4.25
FS-030,Diana Morton,Jill Martinez,4.0
ST-033,Kayla Lee,Jill Martinez,4.5
DE-022,Amber Powers,Jill Rodriguez,5.75
DS-032,Brandon Hill,Jill Wilson,4.0
ST-071,Patricia Sullivan,Jimmy Johnson,3.75
FS-045,Dr. Kristin Lee,Joanne Phillips,5.75
DE-022,Amber Powers,Joanne Phillips,3.25
ST-074,William Fowler,Joe Mcdowell,6.5
UI-015,William Fowler,Joe Mcdowell,3.75
ST-027,Cynthia Howard,Joe Mcdowell,3.75
DS-097,Julie Willis,Joe Mcdowell,5.0
FS-084,Tina Hensley,John Baker,3.5
UI-018,Douglas Mcintosh,John Baker,5.0
DS-080,Kendra Robinson,John Baker,4.25
UI-055,Diana Morton,John Bean,4.0
FS-045,Dr. Kristin Lee,John Bean,4.25
DE-024,Troy Wagner,John Bond,5.0
DE-028,Jason Mccarty,John Cole,3.0
DS-039,Joshua Richardson,John Cole,3.25
DS-070,Amber Powers,John Cole,4.75
FS-093,Dylan Villanueva,John Palmer,6.5
FS-036,Hunter Garrison,John Palmer,5.5
ST-059,April Foster,John Price,5.25
DE-028,Jason Mccarty,John Price,3.5
DS-051,Gloria Lee,John Richardson,2.75
FS-019,Anthony Ferguson,John Richardson,4.25
FS-072,Victor Kline,John Richardson,6.75
DS-004,Allison Willis,John Smith,4.25
DE-088,Amber Powers,John Smith,6.25
DS-089,Danny Stevens,John Smith,6.5
DE-028,Jason Mccarty,John Smith,5.5
DS-099,Taylor Jackson,John Wilson,5.25
UI-013,Cassandra Nguyen,John Wilson,2.25
DE-022,Amber Powers,John Wilson,6.75
FS-047,Casey Bartlett,John Wilson,5.75
UI-015,William Fowler,Johnathan Spence,4.0
DE-088,Amber Powers,Jon Simmons,3.25
DE-088,Amber Powers,Jon Swanson,5.5
FS-036,Hunter Garrison,Jon Swanson,5.75
ST-059,April Foster,Jonathan Bell,5.75
ST-073,Susan Williams,Jonathan Bell,6.0
UI-052,Michael Tran,Jonathan Bell,5.25
DE-078,Jennifer Ramos,Jonathan Cardenas,8.0
DE-025,Gregory Johnson,Jonathan Davis,5.0
UI-082,Jessica Nixon,Jonathan Davis,5.0
FS-036,Hunter Garrison,Jonathan Davis,5.25
ST-071,Patricia Sullivan,Jonathan Harris,4.0
UI-082,Jessica Nixon,Jonathan Jackson,5.25
DE-091,Jennifer Ramos,Jonathan Jackson,4.5
DE-022,Amber Powers,Jonathan Jackson,4.0
DE-088,Amber Powers,Jonathan Jackson,4.25
DS-077,Matthew Gonzalez,Jonathan Jones,5.25
UI-055,Diana Morton,Jonathan Jones,5.0
FS-017,Erik Adams,Jonathan Sims,5.75
UI-012,Dana Castillo,Jordan Jimenez,3.0
ST-037,Craig Bates,Jordan Patterson,1.25
FS-030,Diana Morton,Jordan Patterson,3.5
DS-051,Gloria Lee,Jordan Patterson,6.0
DS-070,Amber Powers,Jordan Patterson,4.0
DS-044,Mary Love,Jordan Patterson,6.75
DE-091,Jennifer Ramos,Jordan Patterson,7.75
DS-051,Gloria Lee,Jordan Phillips,5.0
ST-059,April Foster,Jordan Phillips,5.5
ST-007,Christine Chang,Jordan Phillips,4.75
ST-079,Mariah Gregory,Jose Fernandez,7.0
UI-052,Michael Tran,Jose Fernandez,7.0
FS-019,Anthony Ferguson,Jose Fernandez,2.5
UI-055,Diana Morton,Jose Fernandez,5.5
UI-011,Valerie Park,Jose Harris,4.0
UI-066,James Lane,Jose Jones,3.5
DE-014,Crystal Cantrell,Joseph Boyd,4.75
FS-045,Dr. Kristin Lee,Joseph Boyd,6.25
UI-005,Christian Perkins,Joseph Charles,4.75
UI-026,Catherine Mckinney,Joseph Charles,4.25
DS-039,Joshua Richardson,Joseph Cooper,4.0
DS-089,Danny Stevens,Joseph Cooper,4.25
ST-033,Kayla Lee,Joseph Cooper,4.5
FS-019,Anthony Ferguson,Joseph Cooper,6.25
UI-055,Diana Morton,Joseph Cooper,4.0
DS-080,Kendra Robinson,Joseph Rivera,1.75
DS-051,Gloria Lee,Joseph Rivera,8.25
DE-088,Amber Powers,Joseph Rivera,5.0
DE-009,Mary Love,Joseph Rivera,4.25
UI-076,Michael Johnson,Joseph Rivera,6.0
FS-047,Casey Bartlett,Joshua Anderson,3.0
DS-083,Patricia Shepard DVM,Joshua Anderson,3.75
DS-056,Gloria Lee,Joshua Anderson,4.5
FS-067,Julie Willis,Joshua Anderson,6.0
DE-088,Amber Powers,Joshua Anderson,4.25
UI-026,Catherine Mckinney,Joshua Barrett,4.25
UI-052,Michael Tran,Joshua Barrett,4.25
FS-094,Tracy Rogers,Joshua Barrett,5.5
DE-031,Samuel Curtis,Joshua Edwards,6.0
FS-045,Dr. Kristin Lee,Joshua Edwards,4.75
FS-019,Anthony Ferguson,Joshua Edwards,3.25
DS-065,Allison Willis,Joshua Edwards,4.0
DE-091,Jennifer Ramos,Joshua Harvey,5.5
ST-016,Adam Williams,Joshua Harvey,3.25
UI-003,Hunter Garrison,Joshua Lawson,4.75
DE-031,Samuel Curtis,Joshua Lawson,4.75
DS-090,April Smith,Joshua Lawson,6.5
ST-029,Angelica Leonard,Joshua Lawson,3.25
ST-016,Adam Williams,Joshua Lawson,8.5
DS-058,Joshua Richardson,Joshua Mcintosh,5.5
UI-055,Diana Morton,Joshua Mcintosh,6.0
DE-031,Samuel Curtis,Joshua Mcintosh,7.0
UI-005,Christian Perkins,Joshua Mcintosh,4.25
ST-016,Adam Williams,Joshua Munoz,3.75
DS-083,Patricia Shepard DVM,Joshua Munoz,3.75
DS-070,Amber Powers,Joshua Williams,7.25
DS-097,Julie Willis,Joshua Williams,4.25
ST-029,Angelica Leonard,Joyce Becker,5.25
FS-081,Kathryn Weaver,Joyce Becker,5.0
DS-065,Allison Willis,Joyce Stephens,5.25
FS-072,Victor Kline,Joyce Stephens,5.0
DE-088,Amber Powers,Joyce Stephens,6.75
ST-027,Cynthia Howard,Julia Pham,2.75
UI-026,Catherine Mckinney,Julia Pham,4.0
ST-037,Craig Bates,Julia Pham,3.25
DE-025,Gregory Johnson,Julia Pham,5.0
DS-099,Taylor Jackson,Julia Stokes,4.0
DS-050,Joyce Lopez,Julie Barton,3.5
UI-096,Vicki Allen,Julie Fry,4.0
ST-086,Natalie Roberts,Julie Fry,5.75
FS-092,Christopher Johnston,Julie Fry,4.5
DS-060,Michael Sanchez,Julie Fry,2.75
UI-052,Michael Tran,Julie Marshall,7.75
UI-018,Douglas Mcintosh,Julie Ochoa,5.25
ST-059,April Foster,Julie Ray,3.75
DS-065,Allison Willis,Julie Ray,5.25
ST-073,Susan Williams,Justin Adkins,5.5
DS-077,Matthew Gonzalez,Justin Adkins,5.5
DS-077,Matthew Gonzalez,Justin Kelly,2.5
DS-050,Joyce Lopez,Justin Kelly,5.5
DS-032,Brandon Hill,Justin Mcmillan,3.75
UI-055,Diana Morton,Justin Mcmillan,5.75
DS-039,Joshua Richardson,Kaitlin Hernandez,7.0
ST-027,Cynthia Howard,Kaitlin Hernandez,6.25
FS-072,Victor Kline,Kaitlyn Harris,7.0
FS-067,Julie Willis,Kaitlyn Harris,5.75
ST-035,Jennifer Martinez,Kaitlyn Harris,5.0
DE-042,Kimberly Jones,Kaitlyn Harris,4.0
ST-037,Craig Bates,Karen Mendoza,4.5
ST-037,Craig Bates,Karen Miller,3.25
FS-036,Hunter Garrison,Karen Miller,7.25
FS-030,Diana Morton,Karen Miller,2.25
DS-099,Taylor Jackson,Karen Miller,4.5
FS-093,Dylan Villanueva,Karen Oliver,3.75
UI-052,Michael Tran,Karen Oliver,5.25
DS-063,Lawrence Robinson Jr.,Karen Oliver,4.75
UI-052,Michael Tran,Karen Powers,5.25
ST-059,April Foster,Katelyn Ford,7.0
ST-001,Alexander Baker,Katelyn Williams,1.25
DS-095,Michael Frost,Katherine Clark,4.75
DE-078,Jennifer Ramos,Katherine Clark,4.25
UI-062,Rachel Pierce,Katherine Flowers,1.5
DS-051,Gloria Lee,Katherine Flowers,4.0
DS-097,Julie Willis,Katherine Mclaughlin,4.25
ST-071,Patricia Sullivan,Katherine Mclaughlin,4.0
ST-001,Alexander Baker,Katherine Mclaughlin,4.25
ST-059,April Foster,Katherine Mclaughlin,4.75
UI-066,James Lane,Katherine Mclaughlin,5.5
FS-084,Tina Hensley,Katie Marshall,4.5
UI-064,Nancy Williams,Katie Marshall,5.75
DE-025,Gregory Johnson,Katie Marshall,5.75
DS-061,Emily Ballard,Katie Marshall,5.25
DE-014,Crystal Cantrell,Katrina Blake,5.0
FS-075,Mrs. Katie Yu,Katrina Blake,4.75
ST-037,Craig Bates,Katrina Blake,3.0
DE-022,Amber Powers,Katrina Evans,4.5
UI-003,Hunter Garrison,Katrina Evans,2.75
FS-084,Tina Hensley,Katrina Haney,4.75
ST-027,Cynthia Howard,Katrina Haney,4.0
UI-005,Christian Perkins,Katrina Haney,5.25
DS-090,April Smith,Katrina Haney,3.0
DE-088,Amber Powers,Katrina Haney,6.25
UI-040,Tracy Rogers,Kayla Thompson,4.75
UI-026,Catherine Mckinney,Kaylee Ford,4.5
DS-051,Gloria Lee,Kaylee Ford,6.25
UI-076,Michael Johnson,Kaylee Ford,4.25
FS-047,Casey Bartlett,Kaylee Ford,7.75
DS-063,Lawrence Robinson Jr.,Kaylee Ford,4.5
UI-082,Jessica Nixon,Keith Williams,8.0
UI-057,Brian Owens,Keith Williams,6.0
FS-047,Casey Bartlett,Kelli Smith,3.5
FS-036,Hunter Garrison,Kelli Smith,3.5
ST-016,Adam Williams,Kelly Cox,3.0
UI-041,Chris Torres,Kelly Cox,5.25
DE-042,Kimberly Jones,Kelly Cox,7.25
DS-053,Troy Wagner,Kelly Cox,3.0
DS-083,Patricia Shepard DVM,Kelly Stout,6.25
UI-026,Catherine Mckinney,Kenneth Graham,2.5
FS-081,Kathryn Weaver,Kenneth Graham,4.75
FS-093,Dylan Villanueva,Kenneth Haynes,4.5
DE-098,Mitchell Faulkner,Kenneth Haynes,6.25
DS-090,April Smith,Kenneth Hill,4.0
UI-003,Hunter Garrison,Kenneth Hodge,4.5
FS-094,Tracy Rogers,Kevin Banks,3.0
DE-009,Mary Love,Kevin Davidson,6.5
ST-016,Adam Williams,Kevin Davidson,4.75
DS-068,Diana Morton,Kevin Faulkner,5.5
ST-001,Alexander Baker,Kevin Griffin,6.5
FS-081,Kathryn Weaver,Kevin Griffin,5.0
ST-016,Adam Williams,Kevin Griffin,5.25
FS-069,Joshua Richardson,Kevin Hamilton,4.5
ST-085,Philip Duke,Kevin Jackson,3.0
DS-050,Joyce Lopez,Kevin Jackson,3.25
FS-036,Hunter Garrison,Kevin Jackson,5.75
DE-042,Kimberly Jones,Kevin Rodriguez,3.75
FS-094,Tracy Rogers,Kevin Rodriguez,5.0
DS-065,Allison Willis,Kevin Rodriguez,4.25
FS-019,Anthony Ferguson,Kim Bates,4.0
DE-078,Jennifer Ramos,Kim Bates,8.75
DS-065,Allison Willis,Kimberly Allen,3.5
FS-092,Christopher Johnston,Kimberly Allen,4.75
DS-050,Joyce Lopez,Kimberly Brown,2.0
UI-066,James Lane,Kimberly Brown,6.25
ST-016,Adam Williams,Kimberly Brown,2.75
ST-049,Matthew Villa,Kimberly Jordan,6.25
UI-082,Jessica Nixon,Kimberly Jordan,3.5
UI-062,Rachel Pierce,Kimberly Morris,6.75
UI-041,Chris Torres,Kimberly Morris,5.5
FS-092,Christopher Johnston,Kimberly Morris,2.75
UI-015,William Fowler,Kimberly Morris,3.5
DS-070,Amber Powers,Kirk Hopkins,7.25
DS-039,Joshua Richardson,Kirk Hopkins,5.75
DS-068,Diana Morton,Kristen Mitchell,6.5
FS-069,Joshua Richardson,Kristen Mitchell,6.75
UI-076,Michael Johnson,Kristen Smith,4.75
UI-002,James Harris,Kristin Griffin,5.0
DS-065,Allison Willis,Kristin Griffin,7.0
DE-022,Amber Powers,Kristin Griffin,5.5
DE-088,Amber Powers,Kristin Griffin,4.5
DS-099,Taylor Jackson,Kristin Griffin,6.25
DE-025,Gregory Johnson,Kristin Griffin,6.0
DE-025,Gregory Johnson,Kristin Hill,4.25
DS-004,Allison Willis,Kristin Hill,4.75
DS-090,April Smith,Kristin Hill,6.5
FS-036,Hunter Garrison,Kristin Hill,4.75
ST-059,April Foster,Kristin Hill,3.0
UI-064,Nancy Williams,Kristina Moyer,8.75
DE-025,Gregory Johnson,Kristina Moyer,7.25
UI-018,Douglas Mcintosh,Kristina Moyer,5.75
UI-082,Jessica Nixon,Kristina Moyer,5.5
DS-065,Allison Willis,Kristina Moyer,3.5
DS-044,Mary Love,Kristina Wilson,5.5
UI-026,Catherine Mckinney,Kristina Wilson,4.5
UI-076,Michael Johnson,Kristine Long,3.75
ST-043,Ashley Malone,Kristine Long,4.75
ST-037,Craig Bates,Kyle Bailey,3.0
DS-058,Joshua Richardson,Kyle Bennett,1.25
DE-091,Jennifer Ramos,Kyle Carrillo,2.25
UI-055,Diana Morton,Kyle Carrillo,5.0
ST-029,Angelica Leonard,Kyle Carrillo,3.25
UI-064,Nancy Williams,Kyle Davis,5.25
FS-093,Dylan Villanueva,Kyle Davis,4.75
ST-059,April Foster,Kyle Davis,6.75
DS-050,Joyce Lopez,Kyle Davis,6.5
DE-014,Crystal Cantrell,Kyle Davis,3.5
FS-093,Dylan Villanueva,Laura Castro,7.0
UI-052,Michael Tran,Laura Castro,6.5
ST-001,Alexander Baker,Laurie Scott,4.0
DE-031,Samuel Curtis,Leah Moran,4.25
DS-056,Gloria Lee,Leah Moran,2.25
DE-008,Karen Galvan,Leah Moran,6.75
DS-039,Joshua Richardson,Leah Moran,4.75
DE-014,Crystal Cantrell,Leah Snyder,4.5
DS-051,Gloria Lee,Leah Snyder,4.5
ST-043,Ashley Malone,Leah Snyder,4.5
FS-081,Kathryn Weaver,Leah Snyder,4.75
UI-002,James Harris,Leah Snyder,6.75
ST-016,Adam Williams,Leah Snyder,3.0
DE-078,Jennifer Ramos,Leah Snyder,6.0
DE-088,Amber Powers,Leah Snyder,4.25
DE-009,Mary Love,Leslie Garcia,5.75
UI-062,Rachel Pierce,Leslie Garcia,6.75
DS-060,Michael Sanchez,Leslie Payne,7.0
FS-045,Dr. Kristin Lee,Leslie Payne,6.25
DE-031,Samuel Curtis,Linda Graves,7.0
UI-066,James Lane,Linda Graves,4.75
ST-016,Adam Williams,Linda Rodriguez,7.75
FS-093,Dylan Villanueva,Linda Taylor,3.5
DS-051,Gloria Lee,Linda Taylor,3.75
DE-088,Amber Powers,Linda Taylor,4.75
ST-079,Mariah Gregory,Linda Taylor,6.5
DE-025,Gregory Johnson,Linda Williams,4.75
UI-026,Catherine Mckinney,Linda Williams,7.75
ST-049,Matthew Villa,Linda Williams,3.75
ST-079,Mariah Gregory,Linda Williams,6.0
DS-083,Patricia Shepard DVM,Lindsay Johnson,3.0
UI-096,Vicki Allen,Lindsay Johnson,5.5
DS-053,Troy Wagner,Lindsay Johnson,5.5
DS-065,Allison Willis,Lindsay Johnson,5.5
FS-067,Julie Willis,Lindsay Marshall,5.25
DS-090,April Smith,Lindsey Carter,3.75
ST-007,Christine Chang,Lisa Dorsey,4.75
DS-070,Amber Powers,Lisa Dorsey,6.25
UI-082,Jessica Nixon,Lisa Dorsey,6.25
FS-094,Tracy Rogers,Lisa Harris,6.25
UI-066,James Lane,Lisa Harris,4.0
DS-039,Joshua Richardson,Lisa Hurley DVM,4.75
UI-026,Catherine Mckinney,Lisa Hurley DVM,5.0
ST-007,Christine Chang,Lisa Hurley DVM,4.75
UI-015,William Fowler,Lisa Mendoza,3.75
ST-037,Craig Bates,Lisa Mendoza,5.0
ST-035,Jennifer Martinez,Lisa Rodriguez,2.75
DS-065,Allison Willis,Lisa Rodriguez,4.5
UI-005,Christian Perkins,Lisa Rodriguez,5.0
DE-088,Amber Powers,Lisa Zhang,5.25
DS-056,Gloria Lee,Lisa Zhang,5.25
ST-007,Christine Chang,Lisa Zhang,5.25
DE-009,Mary Love,Logan Chan,2.5
DS-099,Taylor Jackson,Logan Chan,3.5
FS-036,Hunter Garrison,Logan Chan,8.0
ST-074,William Fowler,Logan Chan,2.0
FS-081,Kathryn Weaver,Lori Baker,6.0
FS-030,Diana Morton,Lori Baker,6.75
UI-064,Nancy Williams,Louis Nash,6.0
DE-042,Kimberly Jones,Lucas Taylor,4.5
DS-051,Gloria Lee,Lucas Taylor,3.25
DE-009,Mary Love,Madison Fox,3.75
DS-080,Kendra Robinson,Madison Pierce,6.25
ST-059,April Foster,Madison Pierce,3.25
DE-078,Jennifer Ramos,Marcia Callahan,4.75
DS-077,Matthew Gonzalez,Marcia Callahan,5.0
DS-032,Brandon Hill,Marcus Bryant,5.0
FS-075,Mrs. Katie Yu,Marcus Bryant,6.0
ST-059,April Foster,Marcus Jones,5.25
DS-004,Allison Willis,Margaret Morris,2.75
DS-050,Joyce Lopez,Maria Bell,6.0
DS-032,Brandon Hill,Maria Bell,4.75
UI-055,Diana Morton,Maria Rice,6.5
UI-026,Catherine Mckinney,Maria Rice,9.25
DS-039,Joshua Richardson,Maria Rice,4.25
DS-090,April Smith,Marissa Daugherty,4.5
DE-022,Amber Powers,Mark Robinson,2.5
UI-040,Tracy Rogers,Mark Robinson,5.0
FS-093,Dylan Villanueva,Mark Smith,5.75
DE-022,Amber Powers,Mark Smith,4.25
ST-071,Patricia Sullivan,Mark Smith,4.5
FS-084,Tina Hensley,Mark Smith,5.0
UI-082,Jessica Nixon,Mark Smith,6.25
ST-037,Craig Bates,Mark Smith,3.75
ST-059,April Foster,Mark Smith,1.75
DS-004,Allison Willis,Mark Smith,4.25
ST-037,Craig Bates,Mark Williams,4.75
ST-071,Patricia Sullivan,Martha Aguilar,5.0
UI-096,Vicki Allen,Martha Aguilar,8.0
FS-067,Julie Willis,Martha Aguilar,1.5
DS-056,Gloria Lee,Mary Fletcher,4.5
DE-024,Troy Wagner,Mary Fletcher,2.0
FS-067,Julie Willis,Mary Fletcher,5.5
FS-019,Anthony Ferguson,Mary Jacobs,6.75
FS-093,Dylan Villanueva,Mary Reynolds,6.75
UI-076,Michael Johnson,Mary Rowe,3.0
DS-053,Troy Wagner,Mary Rowe,3.75
DS-080,Kendra Robinson,Mary Rowe,6.5
DS-080,Kendra Robinson,Mary Sawyer,6.75
UI-062,Rachel Pierce,Mary Sawyer,4.75
DS-090,April Smith,Mary Washington,4.5
FS-072,Victor Kline,Matthew Acosta,8.25
DS-039,Joshua Richardson,Matthew Acosta,4.25
UI-076,Michael Johnson,Matthew Acosta,6.75
DE-014,Crystal Cantrell,Matthew Cervantes,5.75
DE-024,Troy Wagner,Matthew Green,3.75
FS-072,Victor Kline,Matthew Green,5.25
ST-037,Craig Bates,Matthew Green,6.5
ST-059,April Foster,Matthew Jackson,4.25
DE-024,Troy Wagner,Matthew Jackson,3.25
ST-085,Philip Duke,Matthew Lambert,2.75
UI-040,Tracy Rogers,Matthew Smith,4.75
DE-088,Amber Powers,Matthew Smith,4.5
FS-047,Casey Bartlett,Matthew Ward,5.25
FS-092,Christopher Johnston,Matthew Ward,6.75
FS-030,Diana Morton,Matthew Ward,5.75
DS-080,Kendra Robinson,Matthew Ward,7.25
FS-048,Lindsay Knight,Maureen Doyle,4.0
ST-074,William Fowler,Maureen Doyle,3.75
ST-001,Alexander Baker,Meagan Bowen,4.75
ST-016,Adam Williams,Meagan Bowen,5.25
DE-009,Mary Love,Meagan Bowen,5.75
DS-053,Troy Wagner,Megan Hampton,3.0
DS-050,Joyce Lopez,Megan Hampton,4.0
FS-036,Hunter Garrison,Megan Henry,3.75
DE-010,Rhonda Foster,Megan Henry,6.75
UI-003,Hunter Garrison,Megan Odonnell,7.0
UI-013,Cassandra Nguyen,Megan Odonnell,6.0
DE-028,Jason Mccarty,Megan Odonnell,5.25
FS-094,Tracy Rogers,Megan Schmitt,5.25
ST-085,Philip Duke,Megan Schmitt,1.5
FS-045,Dr. Kristin Lee,Megan Schmitt,6.0
DE-042,Kimberly Jones,Megan Smith,5.75
DE-031,Samuel Curtis,Megan Smith,7.0
DE-054,Jason Collins,Megan Smith,6.25
ST-037,Craig Bates,Megan Wright,7.25
DS-004,Allison Willis,Megan Wright,4.0
ST-086,Natalie Roberts,Megan Wright,4.25
UI-015,William Fowler,Megan Wright,3.25
DE-024,Troy Wagner,Megan Wright,6.75
DE-024,Troy Wagner,Meghan Sanchez,2.25
DS-044,Mary Love,Melinda Morgan,5.25
DS-004,Allison Willis,Melinda Morgan,6.5
FS-093,Dylan Villanueva,Melinda Morgan,7.0
FS-030,Diana Morton,Melinda Morgan,5.25
FS-019,Anthony Ferguson,Melissa Eaton,6.0
DS-032,Brandon Hill,Melissa Eaton,2.0
FS-072,Victor Kline,Melissa Eaton,4.5
FS-081,Kathryn Weaver,Melissa Kirk,4.5
UI-040,Tracy Rogers,Melissa Kirk,5.75
UI-076,Michael Johnson,Melissa Martin,2.5
DE-014,Crystal Cantrell,Melissa Santos,5.0
DS-065,Allison Willis,Melissa Santos,6.25
DE-031,Samuel Curtis,Melissa York,3.5
FS-047,Casey Bartlett,Melissa York,5.75
UI-066,James Lane,Melissa York,6.5
DE-008,Karen Galvan,Melissa York,6.0
ST-086,Natalie Roberts,Melvin Wood,5.25
DS-090,April Smith,Melvin Wood,4.5
DS-097,Julie Willis,Michael Alvarez,7.75
DS-099,Taylor Jackson,Michael Alvarez,2.5
ST-016,Adam Williams,Michael Alvarez,6.75
UI-041,Chris Torres,Michael Carlson,4.5
DS-090,April Smith,Michael Carlson,5.25
UI-057,Brian Owens,Michael Cooper,6.0
UI-064,Nancy Williams,Michael Cooper,5.75
DE-024,Troy Wagner,Michael Cooper,5.0
ST-071,Patricia Sullivan,Michael Garner,6.75
DS-004,Allison Willis,Michael Harrington,8.0
DE-098,Mitchell Faulkner,Michael Harrington,5.0
DS-051,Gloria Lee,Michael Houston,5.0
ST-035,Jennifer Martinez,Michael Huynh,3.25
DE-024,Troy Wagner,Michael Huynh,5.5
ST-029,Angelica Leonard,Michael Huynh,4.75
UI-062,Rachel Pierce,Michael Huynh,4.25
ST-059,April Foster,Michael Huynh,5.25
UI-026,Catherine Mckinney,Michael Ingram,6.0
FS-036,Hunter Garrison,Michael Lopez,5.75
DE-031,Samuel Curtis,Michael Morales,6.5
DS-061,Emily Ballard,Michael Morales,5.75
DE-034,Annette Bailey,Michael Morales,2.5
DS-053,Troy Wagner,Michael Morales,6.25
DS-089,Danny Stevens,Michael Perez,5.0
ST-071,Patricia Sullivan,Michael Perez,4.0
ST-059,April Foster,Michael Perry,4.5
DS-077,Matthew Gonzalez,Michael Perry,6.0
UI-013,Cassandra Nguyen,Michael Perry,4.0
UI-055,Diana Morton,Michael Simmons,5.0
UI-082,Jessica Nixon,Michael Strickland,6.5
UI-018,Douglas Mcintosh,Michael Strickland,4.5
DS-039,Joshua Richardson,Michael Strickland,3.25
DE-042,Kimberly Jones,Michael Strickland,4.5
DE-091,Jennifer Ramos,Michael White,3.5
ST-029,Angelica Leonard,Michael White,4.0
ST-071,Patricia Sullivan,Michael White,6.0
DS-044,Mary Love,Michael White,2.5
DE-009,Mary Love,Michael White,4.0
UI-066,James Lane,Michael White,2.0
UI-013,Cassandra Nguyen,Michael Williams,3.5
UI-057,Brian Owens,Michele Barber,4.75
ST-001,Alexander Baker,Michele Barber,6.75
DS-020,Jason Collins,Michelle Banks MD,6.25
FS-048,Lindsay Knight,Michelle Banks MD,3.5
UI-076,Michael Johnson,Michelle Bautista,8.0
DE-031,Samuel Curtis,Michelle Bautista,3.75
DS-083,Patricia Shepard DVM,Michelle Bautista,5.5
DS-065,Allison Willis,Michelle Bautista,7.25
DE-087,Sarah Jackson,Michelle Garcia,6.75
DS-021,Diane Knox,Michelle Taylor,5.25
UI-018,Douglas Mcintosh,Michelle Taylor,4.0
FS-030,Diana Morton,Michelle Taylor,4.75
DS-089,Danny Stevens,Michelle Taylor,5.25
DE-031,Samuel Curtis,Michelle Washington,1.25
ST-071,Patricia Sullivan,Michelle Washington,4.5
FS-047,Casey Bartlett,Miguel Kent,4.75
DS-080,Kendra Robinson,Miguel Kent,7.25
DE-022,Amber Powers,Miguel Kent,6.0
DS-056,Gloria Lee,Miguel Kent,7.75
FS-094,Tracy Rogers,Miguel Kent,6.0
DS-099,Taylor Jackson,Miguel Watson,5.25
UI-003,Hunter Garrison,Miguel Woods,3.0
UI-040,Tracy Rogers,Miguel Woods,5.25
FS-093,Dylan Villanueva,Miguel Woods,6.25
DS-090,April Smith,Miss Heidi Bennett,5.0
DE-087,Sarah Jackson,Miss Heidi Bennett,5.75
FS-048,Lindsay Knight,Miss Linda Smith,6.0
DE-024,Troy Wagner,Miss Linda Smith,3.5
ST-079,Mariah Gregory,Miss Linda Smith,3.75
DE-025,Gregory Johnson,Miss Linda Smith,4.75
DS-068,Diana Morton,Miss Renee Nguyen,5.25
UI-015,William Fowler,Misty Gross,2.5
UI-013,Cassandra Nguyen,Misty Gross,5.0
ST-049,Matthew Villa,Mitchell Johnson,4.0
UI-062,Rachel Pierce,Mitchell Sparks,5.0
DS-051,Gloria Lee,Morgan Taylor,3.0
DS-053,Troy Wagner,Morgan Taylor,5.5
FS-092,Christopher Johnston,Mr. David Odonnell,4.0
ST-035,Jennifer Martinez,Mr. David Odonnell,4.0
DS-077,Matthew Gonzalez,Mr. David Odonnell,2.25
DS-051,Gloria Lee,Mr. Donald Gardner,4.5
DE-042,Kimberly Jones,Mr. Frank Thompson,6.25
DS-099,Taylor Jackson,Mr. Frank Thompson,6.25
DE-054,Jason Collins,Mr. Jacob Moran MD,6.75
DE-088,Amber Powers,Mr. Jacob Moran MD,3.25
UI-040,Tracy Rogers,Mr. Jacob Moran MD,2.0
DE-031,Samuel Curtis,Mr. John Adams DVM,5.5
DS-089,Danny Stevens,Mr. John Adams DVM,6.0
UI-066,James Lane,Mr. Matthew Boyle,4.0
DS-020,Jason Collins,Mr. Matthew Boyle,3.75
UI-082,Jessica Nixon,Mr. Matthew Boyle,3.25
ST-059,April Foster,Mr. Robert Dennis DDS,5.0
DS-068,Diana Morton,Mr. Robert Dennis DDS,5.75
ST-079,Mariah Gregory,Mr. Roger Webster,5.5
ST-049,Matthew Villa,Mr. Roger Webster,5.75
DS-053,Troy Wagner,Mr. Roy Jackson,6.0
ST-001,Alexander Baker,Mr. Roy Jackson,7.25
ST-085,Philip Duke,Mr. Roy Jackson,4.75
DE-098,Mitchell Faulkner,Mr. Sean Hall,4.75
DE-025,Gregory Johnson,Mr. Sean Hall,4.25
DE-010,Rhonda Foster,Mr. William Dillon MD,4.0
DS-080,Kendra Robinson,Mrs. Jacqueline Hahn MD,5.25
DS-097,Julie Willis,Mrs. Jacqueline Hahn MD,4.75
DS-032,Brandon Hill,Mrs. Jacqueline Hahn MD,4.5
DE-034,Annette Bailey,Mrs. Jamie Eaton,5.5
DS-083,Patricia Shepard DVM,Mrs. Jamie Eaton,6.0
DS-056,Gloria Lee,Mrs. Whitney Martin,7.5
UI-064,Nancy Williams,Mrs. Whitney Martin,6.75
UI-082,Jessica Nixon,Ms. Lisa Aguirre,5.25
FS-093,Dylan Villanueva,Ms. Lisa Aguirre,3.5
FS-019,Anthony Ferguson,Ms. Teresa Hernandez,2.0
FS-072,Victor Kline,Nancy Franklin,4.5
DE-014,Crystal Cantrell,Nancy Franklin,4.5
ST-059,April Foster,Nancy Franklin,5.5
UI-066,James Lane,Nancy Romero,5.0
ST-059,April Foster,Natalie Gonzalez,3.25
ST-033,Kayla Lee,Natasha White,3.5
FS-019,Anthony Ferguson,Natasha White,6.0
DS-044,Mary Love,Natasha White,4.75
DS-065,Allison Willis,Natasha White,7.25
DE-078,Jennifer Ramos,Nathaniel Friedman,3.0
DE-025,Gregory Johnson,Nathaniel Friedman,4.75
ST-086,Natalie Roberts,Nicholas Henry,5.75
DS-068,Diana Morton,Nicholas Henry,4.25
UI-076,Michael Johnson,Nicholas Henry,4.0
UI-005,Christian Perkins,Nicholas Keller,5.5
UI-057,Brian Owens,Nicholas Keller,4.75
DE-031,Samuel Curtis,Nichole Jackson,4.75
UI-096,Vicki Allen,Nicole Reed,3.75
ST-035,Jennifer Martinez,Nicole Reed,1.5
UI-005,Christian Perkins,Nicole Reed,6.75
DS-044,Mary Love,Nicole Wong,3.75
UI-062,Rachel Pierce,Nicole Wong,4.5
DS-099,Taylor Jackson,Nicole Wong,5.0
UI-005,Christian Perkins,Norma Hernandez,5.5
DE-010,Rhonda Foster,Omar Norman,7.25
DS-032,Brandon Hill,Omar Norman,5.75
DS-021,Diane Knox,Omar Norman,4.0
FS-069,Joshua Richardson,Omar Norman,5.5
FS-036,Hunter Garrison,Omar Norman,5.0
ST-001,Alexander Baker,Paige Stanton,2.75
FS-036,Hunter Garrison,Paige Stanton,4.0
DE-025,Gregory Johnson,Paige Stanton,5.25
ST-007,Christine Chang,Pamela Cook,3.0
UI-005,Christian Perkins,Pamela Cook,5.5
DS-004,Allison Willis,Pamela Cook,5.25
DE-046,Dana Hunter,Pamela Pena,6.25
ST-043,Ashley Malone,Pamela Pena,5.0
ST-085,Philip Duke,Pamela Stevens,4.25
DS-039,Joshua Richardson,Pamela Stevens,5.5
DS-089,Danny Stevens,Pamela Stevens,5.5
DS-090,April Smith,Pamela Stevens,4.0
DS-063,Lawrence Robinson Jr.,Pamela Stevens,3.75
ST-007,Christine Chang,Patricia Gilmore,7.75
DE-008,Karen Galvan,Patricia Gilmore,4.0
FS-081,Kathryn Weaver,Patricia Gilmore,7.25
DS-051,Gloria Lee,Patricia Gilmore,6.75
ST-029,Angelica Leonard,Patricia Richard,6.5
ST-086,Natalie Roberts,Patricia Richard,4.0
DS-051,Gloria Lee,Patricia Richard,3.0
FS-017,Erik Adams,Patricia Richard,4.0
DE-091,Jennifer Ramos,Patrick Cisneros,4.25
UI-005,Christian Perkins,Patrick Cisneros,4.5
FS-069,Joshua Richardson,Patrick Cisneros,7.5
DS-077,Matthew Gonzalez,Patrick Long,5.75
FS-072,Victor Kline,Patrick White,4.5
ST-035,Jennifer Martinez,Patrick White,5.25
UI-066,James Lane,Paul Blanchard,4.25
DE-024,Troy Wagner,Paul Blanchard,4.0
ST-033,Kayla Lee,Paul Martin,5.25
DS-077,Matthew Gonzalez,Paul Martin,4.5
ST-074,William Fowler,Paul Martin,4.75
DE-078,Jennifer Ramos,Paul Mcdaniel,4.5
DS-097,Julie Willis,Paul Mcdaniel,6.0
UI-096,Vicki Allen,Paul Thomas,3.0
UI-015,William Fowler,Paul Thomas,3.0
ST-059,April Foster,Paul Thomas,2.75
FS-069,Joshua Richardson,Paula Adkins,3.25
DS-080,Kendra Robinson,Paula Adkins,5.5
FS-067,Julie Willis,Paula Adkins,6.25
DS-044,Mary Love,Peggy Torres,5.0
DS-080,Kendra Robinson,Peggy Torres,7.0
DS-070,Amber Powers,Peggy Torres,5.0
ST-037,Craig Bates,Peggy Torres,2.25
DS-050,Joyce Lopez,Peter Gonzales,3.25
FS-092,Christopher Johnston,Peter Gonzales,6.5
DS-090,April Smith,Philip Lyons,4.75
DE-034,Annette Bailey,Philip Lyons,6.5
DS-097,Julie Willis,Philip Lyons,6.5
DS-053,Troy Wagner,Philip Lyons,3.0
ST-085,Philip Duke,Philip Lyons,6.0
FS-036,Hunter Garrison,Rachel Flowers,6.25
UI-005,Christian Perkins,Rachel Guzman,5.5
FS-081,Kathryn Weaver,Rachel Guzman,3.0
DS-077,Matthew Gonzalez,Rachel Guzman,4.75
FS-067,Julie Willis,Rachel Hernandez,6.25
UI-041,Chris Torres,Rachel Jones,4.75
DE-098,Mitchell Faulkner,Rachel Jones,5.25
DE-091,Jennifer Ramos,Rachel Jones,7.25
DS-004,Allison Willis,Rachel Wagner,3.25
ST-086,Natalie Roberts,Rachel Wagner,5.25
ST-086,Natalie Roberts,Randall Cross,3.5
DS-056,Gloria Lee,Randall Cross,5.75
FS-067,Julie Willis,Ray Morrison,6.25
FS-069,Joshua Richardson,Raymond Graham MD,5.25
UI-076,Michael Johnson,Raymond Graham MD,6.25
ST-085,Philip Duke,Raymond Graham MD,4.25
DS-068,Diana Morton,Raymond Horton,4.25
UI-057,Brian Owens,Rebecca Bennett,4.25
FS-084,Tina Hensley,Rebecca Bennett,8.75
FS-084,Tina Hensley,Rebecca Bryant,4.75
DS-097,Julie Willis,Rebecca Bryant,6.0
ST-059,April Foster,Rebecca Bryant,4.25
FS-047,Casey Bartlett,Rebecca White,5.25
DE-078,Jennifer Ramos,Rebecca White,2.0
DS-077,Matthew Gonzalez,Ricardo Phillips,6.5
UI-040,Tracy Rogers,Richard Cooper,5.75
DE-087,Sarah Jackson,Richard Cooper,4.0
DE-091,Jennifer Ramos,Richard Cooper,5.25
DS-070,Amber Powers,Richard Diaz,4.25
DS-050,Joyce Lopez,Richard Diaz,4.5
DE-010,Rhonda Foster,Richard Duncan,5.75
DE-014,Crystal Cantrell,Richard Mcdonald,6.0
UI-096,Vicki Allen,Richard Mcdonald,8.0
FS-036,Hunter Garrison,Robert Ballard,3.25
ST-079,Mariah Gregory,Robert Ballard,6.75
DE-042,Kimberly Jones,Robert Brown,3.75
UI-040,Tracy Rogers,Robert Chan,3.75
DE-028,Jason Mccarty,Robert Dunn,7.75
ST-029,Angelica Leonard,Robert Dunn,4.25
DE-034,Annette Bailey,Robert Dunn,5.75
FS-019,Anthony Ferguson,Robert Dunn,7.0
UI-040,Tracy Rogers,Robert Golden,5.0
DS-039,Joshua Richardson,Robert Gray,5.0
DS-097,Julie Willis,Robert Gray,4.25
DE-022,Amber Powers,Robert Harding,5.0
DS-090,April Smith,Robert Harding,7.25
UI-012,Dana Castillo,Robert Harding,5.25
UI-015,William Fowler,Robert Harding,4.25
DS-020,Jason Collins,Robert Harding,8.75
DS-050,Joyce Lopez,Robert Higgins,5.5
DE-091,Jennifer Ramos,Robert Higgins,2.75
FS-069,Joshua Richardson,Robert Higgins,3.0
ST-073,Susan Williams,Robert Higgins,4.75
FS-072,Victor Kline,Robert Monroe,6.5
DE-091,Jennifer Ramos,Robert Monroe,5.0
FS-094,Tracy Rogers,Robert Monroe,5.5
DE-028,Jason Mccarty,Robert Morales,3.75
DS-044,Mary Love,Robert Morales,5.75
FS-075,Mrs. Katie Yu,Robert Rodriguez,5.25
DE-042,Kimberly Jones,Robert Smith,5.0
UI-066,James Lane,Robert Smith,5.0
ST-043,Ashley Malone,Robert Smith,6.5
DS-039,Joshua Richardson,Robert Smith,4.5
DE-078,Jennifer Ramos,Robert Smith,6.5
DE-042,Kimberly Jones,Roberto Fleming,4.0
FS-036,Hunter Garrison,Roberto Fleming,5.25
FS-075,Mrs. Katie Yu,Robin Mitchell,6.5
ST-079,Mariah Gregory,Rodney Garcia,3.5
DS-058,Joshua Richardson,Rodney Garcia,4.5
DS-050,Joyce Lopez,Rodney Garcia,7.25
DS-044,Mary Love,Rodney Garcia,7.25
UI-003,Hunter Garrison,Rodney Garcia,4.0
UI-096,Vicki Allen,Rodney Garcia,4.5
ST-016,Adam Williams,Rodney Taylor,5.25
DE-088,Amber Powers,Roger Cortez,3.0
ST-079,Mariah Gregory,Roger Cortez,6.5
DS-056,Gloria Lee,Roger Cortez,5.25
DE-098,Mitchell Faulkner,Ronald Alvarez,5.0
UI-057,Brian Owens,Ronald Martinez,2.5
FS-094,Tracy Rogers,Ronald Martinez,4.75
DS-044,Mary Love,Ross Robinson,5.75
UI-005,Christian Perkins,Ross Robinson,5.5
DE-078,Jennifer Ramos,Ross Robinson,3.25
UI-040,Tracy Rogers,Ross Robinson,5.0
DS-021,Diane Knox,Ross Robinson,5.5
FS-093,Dylan Villanueva,Russell Martin,6.75
DE-022,Amber Powers,Russell Martin,5.25
UI-040,Tracy Rogers,Sabrina Miller,7.5
DE-022,Amber Powers,Sabrina Miller,5.75
FS-093,Dylan Villanueva,Sabrina Miller,7.25
DS-089,Danny Stevens,Sabrina Miller,2.5
UI-096,Vicki Allen,Sabrina Miller,3.5
DS-039,Joshua Richardson,Sabrina Miller,6.75
UI-082,Jessica Nixon,Sally Mcbride,3.75
UI-055,Diana Morton,Samantha Glenn,3.75
DE-042,Kimberly Jones,Samantha Glenn,4.5
UI-052,Michael Tran,Samantha Robinson,6.0
DS-090,April Smith,Samantha Robinson,5.75
UI-013,Cassandra Nguyen,Samantha Robinson,4.75
FS-093,Dylan Villanueva,Sandra Hines,0.75
ST-085,Philip Duke,Sandra Hines,7.25
DS-056,Gloria Lee,Sandra Zimmerman MD,5.75
ST-085,Philip Duke,Sandra Zimmerman MD,3.5
ST-086,Natalie Roberts,Sandra Zimmerman MD,4.25
ST-029,Angelica Leonard,Sara Nichols,7.0
DS-058,Joshua Richardson,Sara Nichols,7.5
DE-088,Amber Powers,Sara Thornton,5.0
FS-094,Tracy Rogers,Sarah Briggs,6.75
UI-003,Hunter Garrison,Sarah Brown,6.0
ST-037,Craig Bates,Sarah Brown,5.0
ST-059,April Foster,Sarah Carroll,5.25
DS-038,Jennifer Stewart,Scott Bennett,3.75
DS-065,Allison Willis,Scott Bennett,3.0
DS-099,Taylor Jackson,Scott Bennett,5.5
UI-003,Hunter Garrison,Scott Bennett,5.25
UI-015,William Fowler,Scott Castillo,4.75
FS-067,Julie Willis,Scott Castillo,5.25
FS-093,Dylan Villanueva,Scott Castillo,5.75
DE-087,Sarah Jackson,Scott Davis,6.5
UI-057,Brian Owens,Scott Davis,4.75
ST-007,Christine Chang,Scott Davis,4.5
DE-024,Troy Wagner,Scott Howell,5.25
ST-027,Cynthia Howard,Scott Howell,1.25
DS-089,Danny Stevens,Sean Hernandez,5.75
DE-022,Amber Powers,Sean Hernandez,5.5
ST-074,William Fowler,Sean Hernandez,5.5
DS-061,Emily Ballard,Sean Hernandez,4.0
DS-039,Joshua Richardson,Sean Hernandez,4.5
DE-010,Rhonda Foster,Sean Hernandez,3.5
ST-029,Angelica Leonard,Sean Hernandez,3.75
ST-086,Natalie Roberts,Sean Hernandez,5.25
FS-069,Joshua Richardson,Sean Lane,5.5
ST-059,April Foster,Sean Stout,5.75
DS-070,Amber Powers,Sean Stout,7.25
ST-035,Jennifer Martinez,Sean Stout,6.0
ST-086,Natalie Roberts,Sergio Santiago,3.75
DS-060,Michael Sanchez,Sergio Santiago,3.0
DE-008,Karen Galvan,Seth Hurley,6.0
UI-076,Michael Johnson,Shannon Mcclure,5.5
FS-047,Casey Bartlett,Shannon Mcclure,4.0
ST-029,Angelica Leonard,Shannon Mcclure,6.25
DS-070,Amber Powers,Shannon Mcclure,7.75
DS-039,Joshua Richardson,Shannon Taylor DDS,2.75
DS-097,Julie Willis,Shannon Taylor DDS,4.5
FS-081,Kathryn Weaver,Shannon Taylor DDS,0.75
DS-080,Kendra Robinson,Shannon Taylor DDS,8.0
DE-078,Jennifer Ramos,Shannon Taylor DDS,6.0
FS-081,Kathryn Weaver,Sharon Marshall,3.75
DE-098,Mitchell Faulkner,Sharon Marshall,5.5
DS-051,Gloria Lee,Sharon Marshall,5.75
FS-048,Lindsay Knight,Sharon Vargas,6.0
UI-062,Rachel Pierce,Sharon Vargas,6.25
DS-056,Gloria Lee,Sharon Vargas,5.5
DE-009,Mary Love,Sharon Vargas,7.0
ST-071,Patricia Sullivan,Sharon Vargas,5.25
FS-092,Christopher Johnston,Sharon Vargas,6.5
FS-093,Dylan Villanueva,Shawn Young,2.5
UI-026,Catherine Mckinney,Sheila Coleman,2.0
ST-074,William Fowler,Sheila Coleman,2.75
UI-082,Jessica Nixon,Sheila Nichols,3.5
UI-055,Diana Morton,Sheila Nichols,6.5
DE-009,Mary Love,Sherri Sherman,6.5
FS-019,Anthony Ferguson,Sheryl Smith,5.0
FS-045,Dr. Kristin Lee,Sierra Rodriguez,4.75
DS-090,April Smith,Sierra Rodriguez,4.0
FS-092,Christopher Johnston,Sierra Rodriguez,6.25
FS-075,Mrs. Katie Yu,Sierra Salinas,5.5
DE-078,Jennifer Ramos,Sierra Salinas,5.0
ST-033,Kayla Lee,Sierra Salinas,2.75
DS-056,Gloria Lee,Sonya Meyer,3.75
UI-015,William Fowler,Sonya Meyer,2.25
ST-016,Adam Williams,Sonya Meyer,3.0
FS-069,Joshua Richardson,Spencer Garcia,6.75
DE-042,Kimberly Jones,Spencer Garcia,5.5
UI-040,Tracy Rogers,Spencer Garcia,7.0
UI-040,Tracy Rogers,Stacey Harris,5.75
UI-055,Diana Morton,Stacey Harris,4.75
UI-041,Chris Torres,Stacey Harris,4.75
DS-070,Amber Powers,Stacy Baker,6.0
DS-065,Allison Willis,Stacy Burnett,6.0
DS-060,Michael Sanchez,Stefanie Gray,1.75
DE-010,Rhonda Foster,Stefanie Gray,5.25
UI-052,Michael Tran,Stephanie Gonzales,4.5
FS-094,Tracy Rogers,Stephanie Mack,4.0
DS-083,Patricia Shepard DVM,Stephanie Mack,3.75
ST-086,Natalie Roberts,Stephanie Mcpherson,4.5
UI-062,Rachel Pierce,Stephen Gomez,3.75
DS-097,Julie Willis,Stephen Gomez,3.25
DS-077,Matthew Gonzalez,Stephen Gomez,3.5
DS-089,Danny Stevens,Steve Fowler,3.75
ST-033,Kayla Lee,Steve Fowler,6.75
ST-079,Mariah Gregory,Steve Michael,4.5
DS-095,Michael Frost,Steven Thomas,5.25
DS-056,Gloria Lee,Steven Thomas,5.5
FS-047,Casey Bartlett,Steven Thomas,6.75
DS-044,Mary Love,Summer Knight,3.75
UI-003,Hunter Garrison,Summer Knight,1.5
DE-042,Kimberly Jones,Summer Knight,4.0
DS-065,Allison Willis,Susan Blake,3.5
DE-009,Mary Love,Susan Blake,3.25
ST-071,Patricia Sullivan,Susan Blake,4.5
DE-098,Mitchell Faulkner,Susan Cruz,5.0
DS-038,Jennifer Stewart,Susan Cruz,5.0
UI-082,Jessica Nixon,Susan Cruz,6.5
DE-042,Kimberly Jones,Susan Cruz,6.25
UI-076,Michael Johnson,Susan Cruz,6.0
DE-024,Troy Wagner,Suzanne Johnson,5.75
ST-033,Kayla Lee,Suzanne Johnson,5.25
DE-010,Rhonda Foster,Suzanne Johnson,5.0
DS-077,Matthew Gonzalez,Sydney Hatfield,5.5
UI-003,Hunter Garrison,Tammy Carrillo,4.25
DE-028,Jason Mccarty,Tammy Donovan,5.5
DE-042,Kimberly Jones,Tammy Donovan,5.25
UI-076,Michael Johnson,Tammy Farrell,6.5
DE-010,Rhonda Foster,Tammy Farrell,5.5
FS-084,Tina Hensley,Tammy Jones,7.0
UI-040,Tracy Rogers,Tammy Wilson,2.5
DS-039,Joshua Richardson,Tanner Campbell,8.25
ST-079,Mariah Gregory,Tanner Ortega,3.25
DE-098,Mitchell Faulkner,Tanner Ortega,4.25
ST-001,Alexander Baker,Tanner Ortega,3.5
DS-060,Michael Sanchez,Tanner Ortega,7.0
UI-055,Diana Morton,Tanya Benson,5.75
UI-076,Michael Johnson,Tanya Benson,5.0
FS-069,Joshua Richardson,Tara Carter,7.5
ST-049,Matthew Villa,Tara Carter,5.0
ST-086,Natalie Roberts,Tara Craig,3.5
ST-037,Craig Bates,Tara Craig,2.75
DS-065,Allison Willis,Tara Craig,7.25
ST-059,April Foster,Tara Craig,2.5
FS-023,Jason Collins,Tara Haas,1.5
ST-007,Christine Chang,Taylor Meyer,4.0
FS-030,Diana Morton,Teresa Turner,4.25
DS-100,Matthew Diaz III,Teresa Turner,6.0
DS-083,Patricia Shepard DVM,Teresa Turner,2.25
DS-051,Gloria Lee,Terri Arnold,4.0
DE-022,Amber Powers,Terri Arnold,6.0
ST-016,Adam Williams,Terri Arnold,8.25
DS-039,Joshua Richardson,Terri Baker,5.25
DE-010,Rhonda Foster,Terri Baker,3.0
FS-069,Joshua Richardson,Terri Baker,5.5
UI-003,Hunter Garrison,Terri Marquez,3.75
DS-050,Joyce Lopez,Terri Marquez,7.0
ST-059,April Foster,Terri Woods,6.25
ST-043,Ashley Malone,Theresa Woods,2.25
UI-040,Tracy Rogers,Thomas Campbell,3.75
DE-042,Kimberly Jones,Thomas Ewing,4.25
FS-067,Julie Willis,Thomas Lee,5.0
DS-056,Gloria Lee,Thomas Lee,4.5
DE-022,Amber Powers,Thomas Lee,2.25
ST-027,Cynthia Howard,Thomas Newton,4.75
DS-099,Taylor Jackson,Thomas Newton,4.25
FS-084,Tina Hensley,Thomas Newton,6.0
FS-030,Diana Morton,Thomas Ritter,7.25
FS-045,Dr. Kristin Lee,Thomas Ritter,6.75
ST-071,Patricia Sullivan,Thomas Sims,6.5
UI-018,Douglas Mcintosh,Thomas Sims,4.0
DS-070,Amber Powers,Thomas Sims,3.75
FS-092,Christopher Johnston,Thomas Sims,3.75
ST-085,Philip Duke,Tim Cruz,4.5
DS-039,Joshua Richardson,Tim Cruz,4.25
DS-065,Allison Willis,Tim Cruz,3.75
UI-003,Hunter Garrison,Timothy Ellison,3.5
UI-082,Jessica Nixon,Timothy Ellison,2.75
DS-100,Matthew Diaz III,Timothy Garcia,4.75
ST-027,Cynthia Howard,Timothy Garcia,6.25
UI-005,Christian Perkins,Timothy Garcia,4.0
DS-065,Allison Willis,Timothy Jones,4.0
DE-009,Mary Love,Timothy Jones,3.25
UI-096,Vicki Allen,Timothy Smith,5.5
DE-098,Mitchell Faulkner,Tina Smith,4.5
UI-066,James Lane,Tina Smith,6.5
ST-016,Adam Williams,Tina Smith,3.25
UI-013,Cassandra Nguyen,Toni King,4.25
DS-077,Matthew Gonzalez,Tony Caldwell,7.0
DS-051,Gloria Lee,Tony Caldwell,7.75
ST-016,Adam Williams,Tony Obrien,6.75
FS-081,Kathryn Weaver,Tonya Watson,4.5
UI-062,Rachel Pierce,Tonya Watson,5.5
UI-015,William Fowler,Tonya White,6.25
UI-082,Jessica Nixon,Tonya White,7.75
ST-033,Kayla Lee,Tracey Ochoa,4.5
DE-024,Troy Wagner,Tracey Ochoa,4.5
FS-072,Victor Kline,Tracey Ochoa,4.0
UI-041,Chris Torres,Troy Lee,6.0
UI-076,Michael Johnson,Tyler Thompson,4.75
DS-065,Allison Willis,Tyler Thompson,5.0
UI-082,Jessica Nixon,Tyler Thompson,3.25
FS-019,Anthony Ferguson,Tyler Thompson,3.5
DE-010,Rhonda Foster,Valerie Hawkins,4.25
ST-027,Cynthia Howard,Valerie Hawkins,7.75
ST-016,Adam Williams,Valerie Watson,4.5
DS-089,Danny Stevens,Valerie Watson,3.0
FS-069,Joshua Richardson,Veronica Becker,4.5
DE-009,Mary Love,Veronica Becker,2.5
FS-093,Dylan Villanueva,Veronica Tran,5.25
FS-030,Diana Morton,Veronica Tran,3.5
FS-030,Diana Morton,Victoria Johnson,5.25
ST-085,Philip Duke,Victoria Johnson,3.75
UI-015,William Fowler,Victoria Johnson,7.0
UI-082,Jessica Nixon,Victoria Johnson,5.25
DS-070,Amber Powers,Victoria Johnson,4.0
FS-069,Joshua Richardson,Victoria Johnson,5.0
FS-072,Victor Kline,Wayne Lee Jr.,4.75
UI-026,Catherine Mckinney,Wayne Lee Jr.,5.25
DS-044,Mary Love,Wayne Lee Jr.,4.0
UI-064,Nancy Williams,Wayne Lee Jr.,6.25
FS-036,Hunter Garrison,Wesley Stuart,3.5
DS-060,Michael Sanchez,Wesley Stuart,4.75
DS-058,Joshua Richardson,Wesley Stuart,6.5
ST-073,Susan Williams,Wesley Stuart,6.25
DS-063,Lawrence Robinson Jr.,Wesley Stuart,6.0
DE-028,Jason Mccarty,Whitney Fuller,4.75
ST-037,Craig Bates,Whitney Fuller,4.25
UI-015,William Fowler,Whitney Fuller,6.5
DE-010,Rhonda Foster,Whitney Kirby,5.5
FS-093,Dylan Villanueva,Whitney Kirby,3.5
UI-076,Michael Johnson,William Acevedo,7.75
FS-048,Lindsay Knight,William Acevedo,2.75
ST-007,Christine Chang,William Benton,4.0
FS-036,Hunter Garrison,William Benton,5.5
UI-003,Hunter Garrison,William Benton,2.75
UI-062,Rachel Pierce,William Chapman,4.5
ST-033,Kayla Lee,William Chapman,6.25
FS-067,Julie Willis,William Haynes,2.75
DS-100,Matthew Diaz III,William Jensen,5.25
ST-049,Matthew Villa,William Jensen,3.0
DS-032,Brandon Hill,William Jensen,5.5
FS-069,Joshua Richardson,William Jensen,5.5
UI-096,Vicki Allen,William Montes,3.0
DE-078,Jennifer Ramos,William Sanchez,4.5
DE-014,Crystal Cantrell,William Thomas,2.0
FS-019,Anthony Ferguson,Wyatt Obrien,3.75
FS-092,Christopher Johnston,Wyatt Obrien,8.75
DS-099,Taylor Jackson,Wyatt Obrien,5.75
DE-009,Mary Love,Wyatt Obrien,3.75
DE-088,Amber Powers,Wyatt Obrien,8.0
UI-096,Vicki Allen,Xavier Richard,4.75
UI-066,James Lane,Xavier Richard,4.25
UI-055,Diana Morton,Yvette Thompson,5.75
FS-094,Tracy Rogers,Yvette Thompson,6.5
UI-062,Rachel Pierce,Yvonne Fuentes,5.75
DE-031,Samuel Curtis,Yvonne Fuentes,5.5
DS-099,Taylor Jackson,Yvonne Fuentes,4.75
FS-067,Julie Willis,Zachary Martin,5.25
UI-015,William Fowler,Zachary Martin,5.0
DS-100,Matthew Diaz III,Zachary Wiggins,4.5
DE-025,Gregory Johnson,Zachary Wiggins,6.5
